index,axis-0,axis-1,axis-2,axis-3
0.0,0.0,27.53045139510995,33.04340202089703,21.544139580782925
1.0,0.0,28.656703650529515,33.724271356827565,21.41344054680773
2.0,0.0,27.90638595535291,35.00127815926132,21.46408327826991
3.0,0.0,27.433316678647024,36.52465081984267,21.60634177863634
4.0,0.0,27.515302270800554,38.05030547405094,21.754015290966585
5.0,0.0,28.300218093161156,39.14703618392316,21.935960685091477
6.0,0.0,30.392476206644602,27.3776270090515,22.529220124242507
7.0,0.0,31.263699182567308,28.1414409298858,22.445024359808393
8.0,0.0,29.50737325340487,29.264904443104236,22.11130542483277
9.0,0.0,30.916565814281814,29.539122085825074,22.04618431557273
10.0,0.0,29.863812038013123,30.40715658399176,21.791316690951657
11.0,0.0,27.30206106962078,31.06744531985617,21.944215752391102
12.0,0.0,30.150037053243164,31.76307904117441,21.5572071169287
13.0,0.0,26.527790763330525,32.35471672977911,21.97105868936557
14.0,0.0,29.821359616343095,33.007529669155446,21.514246088162245
15.0,0.0,26.447651890787586,33.85239573566424,21.823721111189865
16.0,0.0,29.322728252373047,35.9925220088984,21.487022036906342
17.0,0.0,26.058940236986963,36.743175091168666,21.933563607441954
18.0,0.0,28.982657474186365,37.317237536521326,21.59770971120871
19.0,0.0,29.479361506015273,38.942982067784534,21.860645392705276
20.0,0.0,26.78402530144847,39.161543512244684,22.082211506625967
21.0,0.0,27.87230804447976,40.60908092978955,22.261064863692514
22.0,0.0,29.099813467599223,40.89734063128734,22.360626385563236
23.0,0.0,31.72919878680902,26.621215259428485,22.907647173951528
24.0,0.0,33.39938954377503,27.615173216368422,22.802716064234822
25.0,0.0,32.431677428735604,28.939126252008773,22.344673545621976
26.0,0.0,27.91255791806223,29.48236802841012,22.244545487601734
27.0,0.0,31.751861890280598,30.56235867545339,21.956530948714718
28.0,0.0,31.70130876044049,31.892005274149085,21.82281659592689
29.0,0.0,25.318924063041283,32.773161502056894,22.255648335189097
30.0,0.0,31.350656048321394,33.15537899769921,21.604714529990286
31.0,0.0,30.453080073755658,34.552886666545945,21.44706143099129
32.0,0.0,25.294482977476147,35.55427468793475,22.15485787698292
33.0,0.0,30.61822022655637,36.57728605870524,21.67413284562047
34.0,0.0,31.352678385478015,38.36621773825784,22.088738263321545
35.0,0.0,30.45860708147361,39.76878782197754,22.257515657548126
36.0,0.0,26.025273155139985,40.25141086509458,22.53685366241
37.0,0.0,28.275204009921133,27.943362566423538,22.654082855525296
38.0,0.0,26.084513093502057,29.928151081810135,22.61754059749264
39.0,0.0,33.53776897592319,31.071358332761026,22.241957853720496
40.0,0.0,32.60580905806204,33.3260428571775,21.931164457490514
41.0,0.0,24.479147406514524,34.2532434550593,22.465447494839196
42.0,0.0,31.94027310383925,35.48329828123374,21.883877099512045
43.0,0.0,24.791344989319295,36.8123309464592,22.433004264293068
44.0,0.0,24.99496734686665,38.35691393556374,22.434209351046583
45.0,0.0,31.647371618575118,39.73976803268553,22.528889041536775
46.0,0.0,30.79019560749144,40.95900833525241,22.697170145514356
47.0,0.0,27.32140527065306,41.89869620565308,22.83474062348892
48.0,0.0,32.07609920290379,25.40184468415901,23.513618784732035
49.0,0.0,30.85172676590918,25.76275016687183,23.35503456296191
50.0,0.0,28.747455013523517,26.7583045216261,23.04204932821448
51.0,0.0,34.30640525991185,29.87424207721239,22.70939994249673
52.0,0.0,24.812858690077064,31.019334906930816,22.80939679580427
53.0,0.0,34.38549716278086,33.08115759467439,22.470891614057894
54.0,0.0,33.67111838115433,34.71946023847439,22.251581882739867
55.0,0.0,34.69731935076895,35.30950738880996,22.81581277153106
56.0,0.0,33.676922196391004,36.399706519850184,22.477633735033784
57.0,0.0,32.13635149316751,36.861759016501146,22.037889599925446
58.0,0.0,32.91965597978545,37.985591719112186,22.535749085821266
59.0,0.0,24.447043752959097,40.094909077761926,23.031527641114884
60.0,0.0,25.051254479947147,41.23257994137354,23.179795354637566
61.0,0.0,25.893791269515592,42.104264726094556,23.252793465782794
62.0,0.0,29.15969925910967,42.59669762261307,23.258825247739807
63.0,0.0,25.9536219828955,28.702381155864984,23.089633966560015
64.0,0.0,35.079016244630644,31.34871976962167,22.823629392532137
65.0,0.0,23.70942496326015,32.6532581671877,23.059942927680158
66.0,0.0,23.16191845976577,35.641400165717585,23.118006399886433
67.0,0.0,23.071424350988316,37.830115701025534,23.206982227485582
68.0,0.0,34.06141889664834,37.73654283980115,22.90184940670995
69.0,0.0,32.012266032696196,41.049758531036666,23.101176430188517
70.0,0.0,30.6764032095932,42.46759051037386,23.33380389772267
71.0,0.0,30.021698163829072,24.930936141927024,23.868582441287543
72.0,0.0,34.215110400200295,25.850621267919134,23.872354959364127
73.0,0.0,27.124116096657595,26.54885214712932,23.66440707340023
74.0,0.0,35.36657492955305,28.16252539294719,23.400196470373054
75.0,0.0,22.890637734722226,33.5510446799519,23.332420736537255
76.0,0.0,33.26339432868647,40.253035255481976,23.442405114581124
77.0,0.0,23.175900295976312,40.68538654572239,23.85219404631167
78.0,0.0,23.889161964823224,41.882669022914705,23.958304574021113
79.0,0.0,26.929570998804483,43.00813196270693,23.509355149771906
80.0,0.0,35.87195550212759,26.997647162300304,23.95918616821527
81.0,0.0,36.33082417305141,30.162241083289434,23.543816089355573
82.0,0.0,23.3438118061981,31.071778552416326,23.59090072426608
83.0,0.0,36.01554024967096,34.86594555971102,23.46899537589783
84.0,0.0,35.91942828021442,36.725986068400516,23.74777228973757
85.0,0.0,22.77793404525144,39.517821923795275,23.728560245547783
86.0,0.0,33.14130486991307,41.54738808152481,23.78644742015132
87.0,0.0,32.60507859989478,42.70879332176366,24.120896323940155
88.0,0.0,25.871660588302976,43.52166641592837,24.025441491064157
89.0,0.0,28.768338807835317,43.931170049861734,23.92665541860673
90.0,0.0,30.74138220717366,43.58180935481555,24.03612882696636
91.0,0.0,31.516133322609708,24.32183148398385,24.245487782525093
92.0,0.0,33.389972521953815,24.35985741538477,24.534044966742137
93.0,0.0,28.909911828389713,24.66902237662131,24.267532683565996
94.0,0.0,36.20128729111935,25.867708969077736,24.632860097561203
95.0,0.0,25.58270677352747,26.715882424918213,24.116769940595294
96.0,0.0,37.157793511394864,27.919619390659285,24.40756916545671
97.0,0.0,23.91323004838163,28.94037461790629,23.97247566369618
98.0,0.0,36.477951875183436,33.21228182489879,23.563068450080088
99.0,0.0,21.629204289942592,38.27695445450613,24.092561457311213
100.0,0.0,34.438873311845,39.79997171851765,23.864274689910705
101.0,0.0,24.304753585297586,43.294632619294745,24.498858837352625
102.0,0.0,27.035293688313182,44.01171670082103,24.22419924211866
103.0,0.0,34.64796624336099,24.5812978147722,24.69473993370618
104.0,0.0,26.366685473698833,25.580531160969418,24.397487553384604
105.0,0.0,24.402774435473876,27.73616678110477,24.252395225284253
106.0,0.0,37.18735759397562,31.56790960017395,24.051295709311592
107.0,0.0,21.41194515584457,33.95395515460708,24.19812359649508
108.0,0.0,21.432595309579405,36.91449023774217,24.156471921583716
109.0,0.0,22.35943783752999,41.68037611902476,24.663808555842305
110.0,0.0,33.871364042093255,42.072851739252705,24.595180766884134
111.0,0.0,32.40627436939697,23.527528892656516,25.071880190721192
112.0,0.0,29.860149839176458,23.69960632568824,24.94182841455201
113.0,0.0,27.532969303575097,24.40524117465113,24.793316863105048
114.0,0.0,35.99358016525756,24.824028333311436,25.121601197104834
115.0,0.0,23.126686649007617,28.13381495520022,24.764085563614366
116.0,0.0,37.58800438864138,29.463612089166528,24.522019270109656
117.0,0.0,21.52517681532988,31.080984710607474,24.689958460460733
118.0,0.0,37.42302325991316,34.25904412048664,24.37304696631511
119.0,0.0,36.891895049628594,36.893970422789536,24.508215781746763
120.0,0.0,36.1123186603656,38.92052928255669,24.622809693363877
121.0,0.0,34.76472746904171,41.02729152346004,24.59521901674849
122.0,0.0,24.7852686630866,44.3190570681196,25.02311042241701
123.0,0.0,31.82227053422033,44.225887548681676,24.956349344797466
124.0,0.0,25.976098736846474,44.610719976104825,24.849100668178206
125.0,0.0,29.326725314756448,45.28982524352564,24.988807188447137
126.0,0.0,30.50526459421294,44.951157132184754,25.009888867165646
127.0,0.0,31.146749636635754,23.374385175935455,25.170763694648656
128.0,0.0,28.4504800779616,23.6606402376275,25.212668611014664
129.0,0.0,37.65984854575147,26.650692903118678,25.120592876801634
130.0,0.0,20.5952548402583,33.0579691836812,24.941155391465255
131.0,0.0,38.08774877217443,33.11946109859843,24.80509409019762
132.0,0.0,20.423456527356393,36.11066823371178,24.922958734369153
133.0,0.0,20.755366868024634,39.09310075172954,25.094448395665868
134.0,0.0,27.762022312776065,45.62768719194258,25.298164045513385
135.0,0.0,33.84725448629554,23.18143548863308,25.49508945287421
136.0,0.0,35.70118571207345,23.56034975765992,25.87699509336705
137.0,0.0,23.266295947546528,26.845976965271085,25.293567660226444
138.0,0.0,21.85966486492573,28.75789621008551,25.273383755245327
139.0,0.0,39.01239018947397,28.827664306813297,25.59874199896948
140.0,0.0,21.062788672935966,29.909342289334077,25.422269640899817
141.0,0.0,38.954379355349964,30.36939979373631,25.438335486943622
142.0,0.0,37.97573944490151,35.329093908905634,25.04515496412542
143.0,0.0,20.752480139871388,40.47386815546771,25.42526543818465
144.0,0.0,35.00017694499865,42.42322007987889,25.580210926743224
145.0,0.0,22.094468269871445,43.02675057083264,25.623628727609567
146.0,0.0,33.01566008954549,44.71809289618972,25.878547460067463
147.0,0.0,31.668691552974988,22.53080304939855,25.94344475540052
148.0,0.0,37.096832283988505,24.214662873364453,26.096095737596425
149.0,0.0,38.76747254827066,26.078869978113406,26.187890850972344
150.0,0.0,19.925205744183643,37.140714717759685,25.47854366880914
151.0,0.0,37.88018152087919,37.27284460470147,25.395072536044424
152.0,0.0,36.218133878780804,40.9844717497115,25.630702881697353
153.0,0.0,20.978836927771756,41.611114417326974,25.8236124621138
154.0,0.0,23.600798919999317,44.846502691854944,26.010363081876715
155.0,0.0,24.76273746922206,45.45850560221264,25.88159541475778
156.0,0.0,31.052810526016703,45.89691212121855,26.019230539803367
157.0,0.0,25.992659070991134,46.075669644791496,25.9919294840573
158.0,0.0,29.938318111841543,22.366994493203915,26.170762729616808
159.0,0.0,24.915610051236154,24.35590190830561,26.097129737787355
160.0,0.0,23.782600771342263,25.297624191106195,26.09060111184776
161.0,0.0,39.84313746865362,29.570865555424152,26.157168918307637
162.0,0.0,39.760318111813675,31.673730522703163,26.14276961194636
163.0,0.0,19.73827060838039,32.62836519657585,25.881225966107575
164.0,0.0,37.21675916056381,39.76179295176904,25.924011795689438
165.0,0.0,27.94458068442831,46.57066753172294,26.335135430702294
166.0,0.0,29.714343748209288,46.473373732236425,26.228146282441344
167.0,0.0,33.12770682426826,22.131439418137468,26.448899812167408
168.0,0.0,34.403929241524686,22.001199510458893,26.81459646687798
169.0,0.0,27.542228732615747,22.773278830521864,26.347323072964496
170.0,0.0,26.068964322845357,23.240179364644778,26.47840295892752
171.0,0.0,38.70132160914457,24.829844923969,26.825319652616052
172.0,0.0,19.888089933634664,31.217648405588434,26.1647152773804
173.0,0.0,39.83451651900654,33.12023836204438,26.31945193524845
174.0,0.0,39.26726604781959,35.02551182164911,26.200104307415458
175.0,0.0,19.259048924609814,35.88865122335407,26.01824821073543
176.0,0.0,19.437961776647846,38.78856657977436,26.258182721286207
177.0,0.0,21.173609564649745,43.4561551773029,26.72914416612725
178.0,0.0,22.296310858922176,44.51847630796829,26.616481941873985
179.0,0.0,32.070957702344025,46.0721714556881,26.701381399138516
180.0,0.0,36.807128162723565,22.979181205526235,26.96853203298413
181.0,0.0,38.159741732910604,23.81911800387473,27.0930696193694
182.0,0.0,22.518969922426148,25.839761415042915,26.588246918535233
183.0,0.0,40.03255252906585,26.707266695780287,27.104100743312678
184.0,0.0,20.957080641923127,27.75172839260847,26.630059431877832
185.0,0.0,20.31659901848301,29.184328416813077,26.54770882300678
186.0,0.0,38.5325394243033,38.20504744417503,26.529663802113063
187.0,0.0,37.256844777152885,41.15510691859687,26.705709399348212
188.0,0.0,34.834929873048836,44.401050054472094,26.850484616800713
189.0,0.0,28.38932694101623,21.952448439178525,27.004406541682584
190.0,0.0,22.952766703045906,24.73784882359962,27.20960906518916
191.0,0.0,40.92051648862478,27.926009290509292,27.52407838782107
192.0,0.0,40.71755509207124,29.552351742985692,27.180176176927567
193.0,0.0,18.910210366589638,34.72421839230398,26.59260478196493
194.0,0.0,39.60935337494732,36.33694580914485,27.036570510947055
195.0,0.0,19.505720191285487,41.156698483933226,27.037834864579832
196.0,0.0,20.160515873805572,42.527757870618714,27.09419248060847
197.0,0.0,29.108218091854972,47.34799931585445,27.27257920504627
198.0,0.0,36.57837326505445,22.101222862047923,27.74462795242724
199.0,0.0,37.711125083820264,22.645802193464714,27.879148572520602
200.0,0.0,39.84956410580256,25.50917802608445,27.49510384489649
201.0,0.0,18.895912159566404,31.652888807065246,27.074664926205582
202.0,0.0,18.481062122018322,32.85055477791029,27.32687506685595
203.0,0.0,40.3661959164491,34.94066985357826,27.467923048775802
204.0,0.0,18.381106853518563,37.72981733737994,27.37094849378356
205.0,0.0,35.92319732588868,44.00676661398501,27.694773792195935
206.0,0.0,21.380685695532023,44.62989169557925,27.592118867788525
207.0,0.0,22.416529327834997,45.59829710661468,27.659029235217275
208.0,0.0,33.36422585128166,46.27054290590763,27.810067794564688
209.0,0.0,32.0552189755885,46.90086161377367,27.745482851457492
210.0,0.0,30.21217242868062,47.37476605197977,27.67608680602086
211.0,0.0,26.51916408243707,47.476507177280816,27.65349037485986
212.0,0.0,31.12027042217523,21.111958878974217,27.67670623516916
213.0,0.0,26.149387541404522,22.249058863474442,27.68763392827769
214.0,0.0,23.707422847601944,23.60064351957787,27.824328649738984
215.0,0.0,20.947817065682,26.28478762276621,27.712208942423775
216.0,0.0,19.890830380255597,28.11831257188984,27.62344405250443
217.0,0.0,41.40141708331556,28.822417431219943,28.09964580441106
218.0,0.0,41.308464119927436,30.467871664920615,27.9178025547645
219.0,0.0,41.19173867724721,32.061696943244314,27.908672091980918
220.0,0.0,40.93048772304394,33.60385937942083,27.768155447741307
221.0,0.0,39.021886163137346,39.085845642993036,27.549543999885802
222.0,0.0,37.28254336855874,42.47227349455916,27.815917820885172
223.0,0.0,20.41586504032521,43.820254424172205,27.791289510205115
224.0,0.0,23.6360721920962,46.56006364226518,27.898466695399417
225.0,0.0,24.902786526786272,47.1319013468171,27.941996869908586
226.0,0.0,33.2325403185281,20.803873819213084,28.150909709341683
227.0,0.0,35.08037089903908,21.018225830185642,28.37846594225079
228.0,0.0,21.609897151813154,25.215364736965785,28.081288639065725
229.0,0.0,40.796823285091996,25.546737099829723,28.51806874372159
230.0,0.0,41.50649696075203,27.289510422230265,28.544944413484625
231.0,0.0,18.790379617310744,29.99458847160404,27.87968457420812
232.0,0.0,17.743956433566506,34.76747706424325,28.003062889664847
233.0,0.0,17.79424048365467,36.14236752620684,28.017952064655372
234.0,0.0,17.93732004575877,38.60587660960665,28.09218815355139
235.0,0.0,18.484868418207398,40.40822484881541,27.957640338920385
236.0,0.0,29.29286886948518,47.947020472466086,28.339068553782063
237.0,0.0,29.774125080948455,20.81146933896953,28.21899729914089
238.0,0.0,36.484202689977195,21.269620734211536,28.671154559785606
239.0,0.0,28.40682674302378,20.990378143405888,28.34019242932135
240.0,0.0,39.622880969654204,23.521300660012777,28.639885700588803
241.0,0.0,17.62405576794621,33.359148911956986,28.34122226949019
242.0,0.0,40.80616753314265,35.94885512678208,28.49290710279084
243.0,0.0,19.406344259992153,42.9614972296304,28.51541961827808
244.0,0.0,21.234700393284914,45.37697322902481,28.552472195797773
245.0,0.0,34.85963525945268,45.83261614443464,28.5660723390638
246.0,0.0,27.270202742487644,48.09357356823715,28.570353339535664
247.0,0.0,26.175804526058357,21.406450545223702,28.860377332746513
248.0,0.0,24.982248236084136,22.051777414033083,28.832480217693668
249.0,0.0,19.763583986929977,27.164990166490476,28.54757536681625
250.0,0.0,17.69707000200343,31.350455522343047,28.919928880300848
251.0,0.0,17.32462806297084,37.06757280807082,28.826416063079833
252.0,0.0,39.70976348108339,39.08570267812922,28.655002052163105
253.0,0.0,17.794494489401,39.66631596952988,28.7920739960866
254.0,0.0,18.084518179874728,41.01171406827162,29.000666148459157
255.0,0.0,25.87969678867606,47.95934244089227,28.92484191391175
256.0,0.0,32.38699932955378,20.197359946380722,29.092336403845945
257.0,0.0,39.21549146499985,22.49946410940554,29.450775812738407
258.0,0.0,22.161766636802895,23.808738559819265,29.064499898919067
259.0,0.0,40.839089957443335,24.346962681577562,29.43020644021267
260.0,0.0,41.68880177143711,25.943782195501555,29.361252289975464
261.0,0.0,18.630271919402173,28.639795158311927,28.97763201997921
262.0,0.0,42.119463174800586,30.254253149544628,29.180559038739535
263.0,0.0,17.02807249851519,34.564605087123425,29.202755808534732
264.0,0.0,40.39576025135559,37.75134148309176,28.863887257102206
265.0,0.0,38.985299896819,40.75449517555969,28.77598897699309
266.0,0.0,18.52352085328904,42.1825001573694,29.17581681682589
267.0,0.0,36.714764646358866,44.53293036521869,29.315108980454504
268.0,0.0,33.43182700211238,47.19522273901095,29.295340414353895
269.0,0.0,31.205408900316407,20.06287857430968,29.399752134344496
270.0,0.0,23.041370784377545,22.826010962503698,29.42185962753065
271.0,0.0,17.128544777875423,38.75976930446142,29.71867524769192
272.0,0.0,19.431734698583224,43.928323598765736,29.413072228598626
273.0,0.0,21.404944411898235,46.15430886426548,29.581202785626648
274.0,0.0,24.581848856626237,47.93338173810445,29.58487839389008
275.0,0.0,31.426341387069748,48.14201035536665,29.429689673111078
276.0,0.0,28.59587128037897,48.56056102885358,29.415224089545763
277.0,0.0,35.14784640960324,20.260210849384965,29.79077232809135
278.0,0.0,29.459733138117475,20.144321646226825,29.554266952767648
279.0,0.0,36.840094219812634,20.603006210247536,30.044964399174894
280.0,0.0,38.58406991873669,21.414674184460406,30.106100511447696
281.0,0.0,20.94003174957352,24.45039945149769,29.74336521144805
282.0,0.0,19.759839861482078,25.776275084906654,29.798409277525025
283.0,0.0,17.849668712834177,28.955224248994995,29.924621874161172
284.0,0.0,41.99309616371298,33.67076513384568,29.70742325754494
285.0,0.0,37.738272333846986,43.80465363255597,29.927677335320894
286.0,0.0,20.406623228576674,45.345574751796846,29.706121476284743
287.0,0.0,35.494894325510785,46.06388322239514,29.83597851655605
288.0,0.0,26.66493886223501,48.571854535828066,29.875973937999213
289.0,0.0,30.104077568776294,48.546256893481534,29.676154696799813
290.0,0.0,33.956407578876465,19.81350480137703,30.148721966105775
291.0,0.0,26.708124594628615,20.474276100857228,30.274056654023653
292.0,0.0,41.682748180570805,24.525613981219674,30.421696794193224
293.0,0.0,18.25747302726942,27.821215264977603,30.257827441586947
294.0,0.0,42.65964637645915,27.758904865083064,30.30189699558593
295.0,0.0,42.70811044470576,29.28716433930958,30.077085318642396
296.0,0.0,16.94097998714401,30.901732352351168,30.446395296217766
297.0,0.0,42.52512512885269,32.45333505944463,30.295480229759576
298.0,0.0,16.534261125714412,33.953777579933444,30.28903368929398
299.0,0.0,40.49434858123745,38.79035862683069,29.889558476526545
300.0,0.0,39.952324637458894,40.11966132671447,29.86739711373343
301.0,0.0,38.56157594815415,42.588270991833554,29.853423469627234
302.0,0.0,28.394889494261037,20.011065812867322,30.264008037083244
303.0,0.0,25.0308462511015,21.16435383933615,30.433032365372227
304.0,0.0,23.90508531276672,21.79131636896602,30.303849360282296
305.0,0.0,40.38072119850625,22.437302429380768,30.725878733348107
306.0,0.0,42.534567956695035,26.331189720769114,30.743405578547797
307.0,0.0,42.711717688384134,30.815774678380087,30.27646981807146
308.0,0.0,16.64722925402695,32.27704580674071,30.40738380547138
309.0,0.0,16.495038084904536,36.33207535110274,30.527789004969105
310.0,0.0,41.27597323424098,37.09455319751858,30.35510949731605
311.0,0.0,17.12123267413599,40.227870774839005,30.449697330628894
312.0,0.0,17.951303002121605,42.33820224215387,30.599326958829195
313.0,0.0,18.670019281251207,43.30506018119559,30.267618784196323
314.0,0.0,19.37591846720413,44.53150072991566,30.48053970170703
315.0,0.0,36.65050240011448,45.31551747977214,30.411050068534706
316.0,0.0,22.827058026148755,47.45495267250385,30.414068414243836
317.0,0.0,25.1737526426563,48.546105222325174,30.59631413952445
318.0,0.0,21.110977591615825,23.569687447217824,30.86051387760032
319.0,0.0,18.59284567600879,26.60109692637605,30.979434882412374
320.0,0.0,17.10482232093593,29.718312862814532,30.875592917668385
321.0,0.0,42.42406040559583,34.073362211264794,30.92188166985407
322.0,0.0,41.9391052870581,35.507358706631706,30.740615900739684
323.0,0.0,20.458155207665055,45.9062868576968,30.852890780836173
324.0,0.0,21.62111526845841,46.856443383344825,30.890073277396816
325.0,0.0,33.943738110830125,47.50072556376653,30.739842121293055
326.0,0.0,32.77077331167607,48.25220073930362,30.906956059242273
327.0,0.0,29.315431681254232,49.06142672692691,30.938077951050488
328.0,0.0,31.048143529475208,48.87040713766753,30.912890174210474
329.0,0.0,30.482644360733858,19.39954461379884,30.881382496580365
330.0,0.0,37.27719485268253,20.264006359161026,31.17660753625937
331.0,0.0,38.357835780703645,20.71903741173578,31.33032523005884
332.0,0.0,39.50811293035473,21.306447583504166,31.399718732454826
333.0,0.0,22.74373786470333,22.10819831156459,31.142982142020532
334.0,0.0,41.89004628546997,23.52453409540706,31.650267506017837
335.0,0.0,42.36399854665769,24.858280971997143,31.425444956623277
336.0,0.0,16.24215700971639,34.612492781997666,31.10125238722641
337.0,0.0,39.41614766881092,42.044479104705104,30.846419814590263
338.0,0.0,37.800563879641075,44.560867733263485,31.129374264272503
339.0,0.0,28.16291726067329,49.15682484103037,31.100407537975606
340.0,0.0,25.35676598908959,20.460636829922112,31.48778685106855
341.0,0.0,32.57628589718385,19.35065964251556,30.92374167960883
342.0,0.0,34.1672919813998,19.412842559554004,31.235783196164142
343.0,0.0,19.651217336830364,24.597231736258266,31.532204793649207
344.0,0.0,17.772200449034784,27.38804707432655,31.67693715753486
345.0,0.0,43.04518269184728,31.607472596008048,31.2534399898991
346.0,0.0,41.32978068254369,38.29319062348273,31.436333683336724
347.0,0.0,17.105182488859842,41.07330911011445,31.44458966880713
348.0,0.0,38.739211886657,43.26439519794587,31.175016950532203
349.0,0.0,34.86644109891891,47.155541497978575,31.397935088226557
350.0,0.0,23.51647850197746,48.2278879232842,31.60419228933138
351.0,0.0,26.824587179087985,49.124078330547555,31.39217465325069
352.0,0.0,26.712630213978432,19.820371516467798,31.757601885708503
353.0,0.0,18.62383286731374,25.72394915018249,31.90338958094917
354.0,0.0,17.10186335421187,28.547497083075214,31.99095206788175
355.0,0.0,43.375544280052715,28.761959289961126,31.665013207822117
356.0,0.0,16.263184037563807,31.907717501124427,31.71252316776848
357.0,0.0,43.08109619421207,32.933557473900976,31.831940030922368
358.0,0.0,16.22140043604528,37.93037718934331,31.80824541114236
359.0,0.0,16.67180717246461,39.92854604219189,31.744353230234356
360.0,0.0,40.21014102162575,40.98342308464741,31.472981635043592
361.0,0.0,19.067914623034834,44.736629234874,31.809705928491308
362.0,0.0,37.30943394844253,45.337948809782056,31.96611368555292
363.0,0.0,22.384370156919417,47.69180928816326,31.79718865598037
364.0,0.0,27.90929601191016,19.460923037075474,31.907356383307583
365.0,0.0,35.53242667712486,19.415824901683408,31.955644487343847
366.0,0.0,29.38364628692228,19.283606902716265,31.681663601180286
367.0,0.0,24.432230167610648,20.599601267809827,32.277720803610116
368.0,0.0,43.27677640348795,26.729511281082697,31.930441350123985
369.0,0.0,43.40853042632956,30.47060508903072,31.73099233473014
370.0,0.0,36.30316325838241,46.37461698307336,32.090717631795485
371.0,0.0,33.741350564500515,48.10807536691493,32.19072680903708
372.0,0.0,25.819337413290327,49.10058262961231,32.24590463075495
373.0,0.0,37.033723358830194,19.738144517255275,32.26286975535252
374.0,0.0,38.575644841094885,20.229649552848826,32.53820993802218
375.0,0.0,31.601750842736468,19.008859449073977,31.844047708968755
376.0,0.0,23.149052145631934,21.296745978710753,32.409987302363625
377.0,0.0,41.15897553393013,21.839769772575224,32.86792200189855
378.0,0.0,42.766242316633154,24.592448635269907,32.6220860145234
379.0,0.0,16.33345995811143,30.490766781517497,32.487646087030214
380.0,0.0,15.934689568499284,36.56789102924769,32.45454019695839
381.0,0.0,42.07129490667792,36.997418808859855,32.248273498987366
382.0,0.0,18.26442412642909,43.96100174812358,32.40928369573908
383.0,0.0,19.876106575641558,45.9178063876658,32.41155899368918
384.0,0.0,33.21117169718821,18.84333176048196,32.335773363449995
385.0,0.0,42.418201259078316,23.485247850779945,33.040791738575194
386.0,0.0,17.591172562223452,26.780226088187952,32.93364818965217
387.0,0.0,16.534287834129007,29.28366797243588,32.96779414217942
388.0,0.0,41.06405717657507,40.12619518282119,32.69992234491314
389.0,0.0,17.251177632298653,42.18476715587252,32.60224099932222
390.0,0.0,39.05696313809147,43.57319430902349,32.5602824977816
391.0,0.0,35.20671494638097,47.27347784033268,32.65101667281544
392.0,0.0,23.89422584038299,48.707949556248956,32.77855290907422
393.0,0.0,31.721521727268097,49.06398801981208,32.7415040930937
394.0,0.0,26.615681861558738,19.381888402171942,33.220217340379826
395.0,0.0,22.049652167789286,21.75455729005587,33.05360762504812
396.0,0.0,43.84818232554627,27.751131613858245,33.12303212036922
397.0,0.0,15.777712268567296,33.581017645405545,32.88758900944738
398.0,0.0,42.969916980768545,34.9204945588345,33.09055218868963
399.0,0.0,16.36333425244957,39.60563088413238,32.94885572115241
400.0,0.0,38.25891538741788,44.731348750727626,33.160973925585644
401.0,0.0,21.713472387570516,47.60820410342552,32.99342207204695
402.0,0.0,29.71210890872617,18.67287003166016,33.250494799696895
403.0,0.0,38.12040328167454,19.713472165518713,33.506491741597046
404.0,0.0,23.330262320120163,20.800675863238208,33.66875915209706
405.0,0.0,40.19906113387794,20.746013314077928,33.71582131886791
406.0,0.0,41.82248832301918,22.30685398820095,33.737168934224904
407.0,0.0,20.70275770034829,22.7460902611431,33.34338144427954
408.0,0.0,43.71631727395432,25.94043635680144,33.75695419165365
409.0,0.0,16.856320638857206,27.923153802777687,33.5592608377984
410.0,0.0,43.83254903447248,30.311572150950646,33.23612700625424
411.0,0.0,43.57576608937774,32.27448649215773,33.20289217457535
412.0,0.0,15.660125021788247,35.20620990119437,33.2681955804673
413.0,0.0,39.80416078444546,42.62784625500708,33.44707369013513
414.0,0.0,20.61942395003884,46.70810075055593,33.20881182908295
415.0,0.0,33.219728614630206,48.52114943710379,33.355016329155326
416.0,0.0,27.599998493240765,49.55377850779642,33.27553859133534
417.0,0.0,29.231900441848286,49.54490172532088,33.27776573720093
418.0,0.0,25.334586561052628,19.723440279450294,33.81200806535761
419.0,0.0,28.530291931203966,18.775295394265083,33.742195145501455
420.0,0.0,19.414852525315247,23.883783003961536,33.716917290086826
421.0,0.0,43.413783048556944,24.87556920318598,34.18307426573581
422.0,0.0,15.675135885181128,32.5383117619759,33.777660453683765
423.0,0.0,41.949439806784774,38.338209460374735,33.738425836019125
424.0,0.0,16.581644343508568,40.994141758374056,33.63624083930583
425.0,0.0,17.50294363393238,43.0697304964464,33.61102933935417
426.0,0.0,18.47412025286097,44.523280287949206,33.630092916837
427.0,0.0,36.881461198059306,46.34694175803584,33.69349146414381
428.0,0.0,42.80360127829479,23.365710607496506,34.52465752913242
429.0,0.0,17.806519154969976,25.85716496157208,34.08996037372695
430.0,0.0,44.18562268072815,27.09988850968449,34.19756211938142
431.0,0.0,42.771064913238796,36.06055808631443,34.01433495024881
432.0,0.0,41.189842551572,40.358802687057064,34.01438115872043
433.0,0.0,39.192287888658704,43.65785668731036,34.040324960869654
434.0,0.0,23.323227211494867,48.62449087297014,34.089945425014214
435.0,0.0,25.513118991186847,49.28069524544074,34.09441117854161
436.0,0.0,36.999658976260996,18.970277500535865,34.49164572554598
437.0,0.0,31.937693194134503,18.249296338249664,34.143151369140845
438.0,0.0,34.07611124293283,18.30331739443671,34.25578308421119
439.0,0.0,39.705782173845705,20.134170843365318,34.698109591010166
440.0,0.0,41.24031869653226,21.215687578651476,34.780675686104495
441.0,0.0,21.311333818715013,21.894608338900593,34.63687826455039
442.0,0.0,44.13977257947104,25.941446048703934,34.72378298891731
443.0,0.0,16.120373906644325,29.562445758463703,34.37896340355706
444.0,0.0,15.770483574158325,31.053861409871796,34.360694759077866
445.0,0.0,15.71630057249752,37.83014543814163,34.549715976976984
446.0,0.0,17.000421286922222,42.338407950731984,34.478714995033116
447.0,0.0,20.957282139452186,47.10147302710601,34.325487363278825
448.0,0.0,35.185008347118234,47.59526335457243,34.414775774318706
449.0,0.0,30.399659236183428,49.53708251729331,34.41879575451848
450.0,0.0,26.083270158748782,19.249943355830357,34.87208543617021
451.0,0.0,24.77535913007408,19.70734069526076,34.98450624059929
452.0,0.0,38.286396576993674,19.340090697030313,34.9269181569894
453.0,0.0,18.547660045383502,24.6065812872446,34.94861326270823
454.0,0.0,16.882447502972713,27.282111712071448,34.910118520756676
455.0,0.0,44.14143735714133,29.31994721171299,34.77638259268843
456.0,0.0,15.348041956276743,33.66870300785487,34.933844393866906
457.0,0.0,43.367025551671695,34.44409876470358,34.57780144294918
458.0,0.0,15.491278234484302,36.572801678620465,34.777153578409106
459.0,0.0,18.88647440057423,45.17165465829803,34.71492311948089
460.0,0.0,28.515192906960728,49.71807315059298,34.67280803787193
461.0,0.0,27.876366251442523,18.579474360099972,35.25567112364565
462.0,0.0,29.625872039737082,18.26962002453919,35.0683198275783
463.0,0.0,19.3291569695125,23.57446023667472,35.146794935557445
464.0,0.0,44.342360769913356,28.72521131582054,35.171175479479
465.0,0.0,44.08448991889638,30.74732068509766,35.00514815836877
466.0,0.0,42.018316219082195,38.596784123364344,35.29373008611938
467.0,0.0,40.45618930013416,41.95714409756541,35.00450960200021
468.0,0.0,17.525223214268557,43.28255691056388,35.204650707729606
469.0,0.0,19.737382141040587,46.1084714570108,34.96343091277607
470.0,0.0,21.854601828010367,47.7433893080198,35.11314011191215
471.0,0.0,34.03327604654093,48.198313422203945,35.03237600288378
472.0,0.0,32.71653275855281,48.863710831462406,35.14227631125891
473.0,0.0,24.6390726752039,49.1145435207204,35.102401102659265
474.0,0.0,27.141615439097976,49.546379080017935,35.09292872318778
475.0,0.0,35.36749710500663,18.298060783007195,35.51040005454223
476.0,0.0,21.807486076198405,21.33663509592163,35.659328030233965
477.0,0.0,44.40299794181371,26.319468323465316,35.87919639409286
478.0,0.0,16.216950403568518,28.624936707545128,35.49107366729768
479.0,0.0,15.769182871583707,30.259966077060636,35.52174008745022
480.0,0.0,16.576494559707886,41.3769587722951,35.37933146722345
481.0,0.0,38.00110569578728,45.3106302130036,35.31693805437935
482.0,0.0,36.43322193037785,46.77939279831025,35.3477716640244
483.0,0.0,31.87250051640621,17.908947242289663,35.98498361449938
484.0,0.0,38.68191568594651,19.255794738819922,36.1170918857828
485.0,0.0,40.364104489194006,20.233132267106512,36.043393502047046
486.0,0.0,23.437634425352783,20.283945168014064,35.89731532653468
487.0,0.0,41.96889496580892,21.665026883164916,35.9132934896505
488.0,0.0,43.750558715306695,24.488148603955185,36.044164255382555
489.0,0.0,17.286139442795438,26.244644475577477,36.00267424908531
490.0,0.0,44.505768493024185,27.672173651422064,35.931752749972134
491.0,0.0,43.88009052899478,32.38947508384654,35.83193186249392
492.0,0.0,43.26394227506877,35.005275802832436,35.88957156777768
493.0,0.0,15.905376709818329,39.078660679003086,35.745105648067394
494.0,0.0,40.98532667551954,41.05202068980008,35.70369322559007
495.0,0.0,38.81754715027429,44.344500070392755,35.73534025744144
496.0,0.0,25.67890810000685,49.334662701236574,35.74077139203257
497.0,0.0,26.63174186098999,18.836350401923315,36.42013209121047
498.0,0.0,30.415971277449824,17.917097070984127,36.430024161370284
499.0,0.0,20.64224441676582,22.134115510089394,36.276681920087704
500.0,0.0,18.76744949529527,24.001438059969686,36.38954661995601
501.0,0.0,15.21278686381586,34.336349708787594,36.255559088006905
502.0,0.0,42.43036824469809,37.505383972929636,36.035898979434826
503.0,0.0,18.524092813541696,44.69401254872489,35.94449004801218
504.0,0.0,20.22672632685954,46.52995974153489,36.17758232874354
505.0,0.0,30.30682410694104,49.53502993471211,36.03097822878279
506.0,0.0,42.667158452568195,22.522090086903695,36.6027367380521
507.0,0.0,19.61011665985489,23.06532789806728,36.552249211875655
508.0,0.0,43.35209839030521,23.646871053590505,36.66756721568402
509.0,0.0,44.38079401170409,28.7729853327454,36.39950836813961
510.0,0.0,15.288317846100808,32.566872504917725,36.637395375911126
511.0,0.0,15.625342937703406,38.02850307727948,36.43165263149012
512.0,0.0,41.90169661430671,38.99346808661769,36.673415210166915
513.0,0.0,16.230075401378816,40.3950962026162,36.27563681042941
514.0,0.0,40.29204031901874,42.302150427457036,36.434948959130004
515.0,0.0,35.64928218994806,47.262955016320014,36.28442331775551
516.0,0.0,23.78696286950181,48.66650307829408,36.46514281267307
517.0,0.0,31.975691017925886,49.17704510048766,36.186647476861744
518.0,0.0,28.74173259242368,49.67075394452303,36.25985157096671
519.0,0.0,29.3475489656331,18.109694995876165,37.03426904077796
520.0,0.0,33.01050196201438,17.82891422576963,36.82469093512554
521.0,0.0,35.061797993479274,18.121014121476282,37.02187669413871
522.0,0.0,25.402427243344356,19.257056725766365,36.81338332297501
523.0,0.0,24.1745328312424,19.774701146215556,36.90781691974785
524.0,0.0,44.00535186354353,24.755157428839105,37.0641087463896
525.0,0.0,44.48915285354048,26.705176541157282,36.866467128322796
526.0,0.0,15.848596288586673,29.436150324455575,36.78904759590224
527.0,0.0,44.21774017263099,29.464500408052544,36.656207389854124
528.0,0.0,44.115507471500564,31.142463033770547,37.00003841776339
529.0,0.0,15.331688061942668,36.115155112242604,36.745261818285286
530.0,0.0,42.78488797516456,36.537541359891506,36.71744136056876
531.0,0.0,16.825479022276376,41.83380721726095,36.76621909752907
532.0,0.0,37.275099778620735,46.09747946863315,36.869237940407274
533.0,0.0,34.26291874242459,48.074552131602374,36.80656917722581
534.0,0.0,38.46490853673494,18.99044055489789,37.47925849016331
535.0,0.0,22.280306867876067,20.946643216320414,37.25181612699379
536.0,0.0,18.129102568528648,24.885193172016578,37.344049821823766
537.0,0.0,17.394223772005404,25.972737650920187,37.302582658524436
538.0,0.0,40.74681342968991,41.38523911421277,37.27427530001521
539.0,0.0,17.480816519631414,43.02540249955131,37.14454910379574
540.0,0.0,38.71986328800451,44.49311558864715,36.98285431357335
541.0,0.0,21.66936490524471,47.50109485586745,37.139925576055475
542.0,0.0,26.1727363263663,49.357873881730185,36.94539623140478
543.0,0.0,27.861122928580844,49.52987889031468,37.09557544313557
544.0,0.0,31.012509630503423,17.8885871398448,37.64734913188253
545.0,0.0,36.48073722847835,18.331716831801337,37.5631000415403
546.0,0.0,40.61870701846618,20.120954719601503,37.4751413275144
547.0,0.0,20.468189426985106,22.212797803234423,37.585951055944726
548.0,0.0,44.24472978463613,25.57175843418881,37.6351237294101
549.0,0.0,16.458976147488563,27.790974793419906,37.39157329907187
550.0,0.0,15.451945753142963,31.581582786168646,37.725017926735845
551.0,0.0,43.702259807699384,33.065424692324875,37.75047930886332
552.0,0.0,41.420998211367156,39.98619010652893,37.49225987885368
553.0,0.0,28.20090489048541,18.2460555438958,37.87101412124959
554.0,0.0,26.494775585531304,18.80464263317496,38.00811417724686
555.0,0.0,44.18949646121314,29.65323928569684,37.818395460312246
556.0,0.0,15.204772207073828,34.24102544600289,37.93560643488849
557.0,0.0,42.8652188376103,35.85350598375634,37.883581843661005
558.0,0.0,15.543837221229424,36.99352575173707,37.76273593108342
559.0,0.0,42.09393268932759,38.193413569354384,37.92761779229313
560.0,0.0,16.608517507599363,41.03381032672155,37.69550529224906
561.0,0.0,40.15442920277911,42.31879457890515,37.839020466326495
562.0,0.0,39.34825267289952,43.42818030519386,37.94722034551184
563.0,0.0,19.107580822597065,45.18494696553406,37.565213379895354
564.0,0.0,35.193729000912455,47.45168988416739,37.57438810070728
565.0,0.0,31.132501895245355,49.14146677639683,37.775241520752985
566.0,0.0,37.64931017689978,18.667475460549078,38.42661590877187
567.0,0.0,23.95279827007586,19.879826339542003,38.21555087910216
568.0,0.0,21.34326106997622,21.50106017711547,38.43073165732446
569.0,0.0,44.364929070486085,26.866982664795582,38.0991181286695
570.0,0.0,44.31918258401469,28.832960376648646,38.0193144449335
571.0,0.0,15.323596992684466,32.94375924365535,38.11587101803972
572.0,0.0,43.414821451069436,34.352728978416586,38.102562230675424
573.0,0.0,37.19522196867759,45.84623346828748,38.14485070277595
574.0,0.0,32.936365591750054,48.48564710844948,38.045159046967115
575.0,0.0,28.85180674519288,49.4736222246283,38.01620607828063
576.0,0.0,33.160848550679546,17.905097137480197,38.80668237261816
577.0,0.0,39.00536531273612,19.22620932783183,38.67706330034645
578.0,0.0,41.501801147851374,20.961529941535108,38.49307321287426
579.0,0.0,42.19204539526404,21.95123853675724,38.53832084954308
580.0,0.0,42.94493407867848,22.940255773569238,38.44754179227218
581.0,0.0,18.731143146133377,24.008502107118805,38.48314872547412
582.0,0.0,17.93694128636053,25.172049268105283,38.73343098570682
583.0,0.0,16.982156840415946,26.710202087199356,38.66148598628817
584.0,0.0,15.96400352371283,29.51440022639328,38.627842079505584
585.0,0.0,17.664614962531026,42.95590702127051,38.40927189334644
586.0,0.0,20.381618013143587,46.30776347503404,38.28811298009706
587.0,0.0,35.960076450893055,46.707801819996654,38.51071899415969
588.0,0.0,22.446432457201887,47.65727856105282,38.39859243629008
589.0,0.0,24.667898300427343,48.71400443522245,38.17901309858589
590.0,0.0,34.955331946783566,18.0362479293574,39.129505653325026
591.0,0.0,36.49857232003995,18.27905113553514,39.131981926761796
592.0,0.0,31.31162422448446,17.939845627736215,38.94898570609289
593.0,0.0,16.43416039129505,27.921064867687633,38.9243693258234
594.0,0.0,41.43156459396115,39.446308439458086,39.0218952948448
595.0,0.0,34.551374740363926,47.55636517592619,38.692883527541326
596.0,0.0,23.539100191225653,48.21011747814253,38.59800917753432
597.0,0.0,29.37144217788488,18.164085667223883,39.208734098492094
598.0,0.0,25.56548401792961,19.150943811145265,39.21078214374073
599.0,0.0,19.738566087590428,23.10488308068169,39.34957964998863
600.0,0.0,43.7240825621615,24.37863715377515,39.022169923297994
601.0,0.0,44.058538652276624,25.571585937783414,38.904850818105466
602.0,0.0,43.90340137371254,29.953737085120977,39.11274581817427
603.0,0.0,15.523351841670266,34.40342428253645,39.364295761695175
604.0,0.0,43.01023981332338,35.02280065697491,39.10290388319349
605.0,0.0,15.584929101874902,36.330356101779444,39.10366337172329
606.0,0.0,42.21987507974309,37.43878135600283,39.126807040386666
607.0,0.0,16.29103388329894,39.636477873111396,39.00701564849895
608.0,0.0,16.882537339726074,41.151196330748284,38.96254154478035
609.0,0.0,40.516762377330686,41.32394203436042,39.331483353361634
610.0,0.0,39.382983761329704,43.199482211822435,39.25027295862703
611.0,0.0,18.868656337543136,44.40849744912536,39.16391669391609
612.0,0.0,25.546568045651664,48.84450172990188,39.06274016980974
613.0,0.0,31.63899619255412,48.75837919155041,38.92219663307265
614.0,0.0,26.89742825315505,49.02135197408784,38.87454697146816
615.0,0.0,38.02166966859482,18.890770277503307,39.48359056889386
616.0,0.0,27.20886180254795,18.67976393840034,39.66891310005493
617.0,0.0,43.07338282412162,23.29373918474803,39.35324409578726
618.0,0.0,44.04482444424296,28.695146518533,39.351537203157655
619.0,0.0,15.74848797351756,31.131010002964928,39.66012710590964
620.0,0.0,43.55125824529914,32.54955647365831,39.68503941640904
621.0,0.0,16.117725719030208,38.3700737943941,39.60542824045111
622.0,0.0,37.87681135823872,44.71701348962867,39.587952140099354
623.0,0.0,21.72189403093166,46.83122259792704,39.47145884377875
624.0,0.0,28.948391852835368,49.1486827898642,39.16434908003691
625.0,0.0,33.30920904672305,18.09641709229544,40.16012508086285
626.0,0.0,40.10971008827978,19.89531449694775,39.834641977511204
627.0,0.0,24.288753368439,19.914251653368638,40.09768629656712
628.0,0.0,42.22056862216641,22.205239540280814,39.72544996808607
629.0,0.0,18.66101516664408,24.47501927238459,39.85177491994507
630.0,0.0,15.62877377663924,32.7343205453629,40.11166166044575
631.0,0.0,42.52061963345824,36.08946422937856,39.708520948154735
632.0,0.0,18.32586825231104,43.43387084182494,39.80203322150012
633.0,0.0,20.738970054477537,45.96345925242262,39.748725371319786
634.0,0.0,35.85858453424246,46.41889233507458,39.87833971879092
635.0,0.0,30.32974917752711,48.85891242574379,39.51456483483883
636.0,0.0,28.350375599176655,18.512458713649494,40.3785223017794
637.0,0.0,38.9555298950686,19.213474687449605,40.005116559220355
638.0,0.0,41.56974789007766,21.40016941074666,40.039458544174465
639.0,0.0,21.098689207017532,21.91620636011306,40.41219876431601
640.0,0.0,43.97289961466126,26.322348007119498,39.655285224985924
641.0,0.0,43.979852517950434,27.550339990604968,39.82514614701955
642.0,0.0,16.75772477723929,40.08226068023592,40.0658078860757
643.0,0.0,39.440409324419086,42.530847772698024,40.36489510021128
644.0,0.0,36.97499485139639,45.38669200771522,40.09350953123899
645.0,0.0,34.73231977314559,46.99403764829153,40.0483676128549
646.0,0.0,22.915577461982732,47.54953568946205,39.80776096924743
647.0,0.0,32.95606790921408,48.004560010495695,39.958181117350165
648.0,0.0,34.37135072533466,18.199620879894365,40.43720332983987
649.0,0.0,26.353100018962543,19.130692219414232,40.68331753866159
650.0,0.0,23.215289290555113,20.56676115722185,40.55040102377945
651.0,0.0,43.34426952442907,24.385369816316263,40.184319845114445
652.0,0.0,16.067959387101144,30.38452290852518,40.578719225400405
653.0,0.0,42.75452728033776,34.872516843646906,40.46204903081438
654.0,0.0,40.55761193596185,40.63811391759609,40.670006385020166
655.0,0.0,19.82211816787679,44.98840768674546,40.373017183126095
656.0,0.0,25.075716766183216,48.147409147761,40.42934224423581
657.0,0.0,26.94078115553571,48.59938819502574,40.48228245146376
658.0,0.0,36.51965632429963,18.540419907982102,40.633111208493965
659.0,0.0,38.08161769892717,18.924096529609724,40.7846041323762
660.0,0.0,40.5821191741422,20.633802326016575,40.52145441693331
661.0,0.0,20.142581284556325,22.98539705371296,40.96076343763655
662.0,0.0,16.477502002356548,28.536528011657992,40.6632567158895
663.0,0.0,16.393937048542142,38.25030217443855,40.888482449069315
664.0,0.0,18.003763481988784,42.44464020879645,40.7466781611537
665.0,0.0,38.16355956178774,43.99277442798684,40.75490902099736
666.0,0.0,28.64794241716781,48.65540072361312,40.48418450618257
667.0,0.0,30.75251913020633,18.145412416327304,41.1490797984655
668.0,0.0,32.84488344626735,18.035456152389806,41.021961134272665
669.0,0.0,39.28355462657765,19.781133457709366,40.97000150451256
670.0,0.0,24.76301213068372,20.023315544297397,41.461511696739024
671.0,0.0,22.100379855137746,21.46329148513005,41.29220176038169
672.0,0.0,43.371232999721784,25.325753035213737,40.51078479066447
673.0,0.0,17.686191396249907,26.340082308784694,41.12648392505786
674.0,0.0,17.052963814273895,27.35403214448557,41.00925218892659
675.0,0.0,43.785460735581566,26.851998020429637,40.43489527271948
676.0,0.0,43.64263820741925,28.311706828194954,40.59357854758771
677.0,0.0,43.38026006094782,29.887535688837907,41.10454135513904
678.0,0.0,15.949820326817289,32.74277266455976,41.33894964846757
679.0,0.0,15.978684858553493,35.58135940115569,41.284075404023206
680.0,0.0,41.620894419139596,37.54954841442739,41.085475212430836
681.0,0.0,17.540673774760965,41.214364111137755,41.12764364384544
682.0,0.0,19.26554361410552,43.953810768298126,40.964947053803336
683.0,0.0,30.782561475749855,48.28739997154466,40.939310661099604
684.0,0.0,32.11934457540286,47.89997821948065,40.92615034361381
685.0,0.0,18.445775884406245,25.338425206649763,41.54216714841288
686.0,0.0,16.263002702826636,31.137574938497686,41.701010047261484
687.0,0.0,42.85075560098137,32.984443633448294,41.46111414522361
688.0,0.0,17.047804974072335,39.89812261349927,41.328676702956095
689.0,0.0,36.831898061071826,44.98561769318434,41.398788552061255
690.0,0.0,33.380798884793606,47.28175863264535,41.343618696911946
691.0,0.0,29.026975305949943,18.669494643888743,41.66917533484066
692.0,0.0,20.505111572320818,23.123482692188396,42.14323145433582
693.0,0.0,42.88902065817426,24.63640943919509,41.22508224221069
694.0,0.0,16.536372734979295,29.549824203133376,41.66486564103042
695.0,0.0,42.09250857672245,35.315953023607044,41.604823351273666
696.0,0.0,40.42938483169464,39.810694691146914,41.72302203340258
697.0,0.0,39.535769878143604,41.510726258297254,41.8311213182613
698.0,0.0,18.55304116904971,42.37167731302301,41.94389996747513
699.0,0.0,20.2740457605494,44.697604856920165,41.69918845480484
700.0,0.0,35.48955742800724,45.76019048797969,41.82725550794699
701.0,0.0,22.088686797630082,46.24378996296359,41.52775791150347
702.0,0.0,24.426970133757028,47.47043935893359,41.55017798736845
703.0,0.0,28.312458132395527,48.144345420182496,41.65043479451617
704.0,0.0,29.712164198311815,48.029504326536056,41.75589282234467
705.0,0.0,34.40547074432002,18.407470078732562,42.0401431020337
706.0,0.0,35.98146424642503,18.595112585701536,41.798160237725256
707.0,0.0,38.232149436264095,19.505023191374402,41.80005385266989
708.0,0.0,39.60373640746411,20.484124768347797,41.76807426886065
709.0,0.0,41.10298245645903,21.851828431671354,41.637916609555845
710.0,0.0,21.62955007629344,22.269365402414692,42.295914366428235
711.0,0.0,41.57539123600468,22.863020884595446,41.77134470038484
712.0,0.0,43.02807852255053,28.236588508322207,41.73086353122342
713.0,0.0,42.675428687918014,31.25147550739428,42.1969643932903
714.0,0.0,16.385034418083567,34.9119282007227,42.478740999985085
715.0,0.0,16.484783053359124,36.43084463216802,42.41666231922647
716.0,0.0,40.97285786026755,38.43072719921342,41.880434056921864
717.0,0.0,38.14733988426443,43.33354757805507,42.12348506712849
718.0,0.0,37.02308623265158,19.08144048555974,42.19673131161236
719.0,0.0,26.81615943058935,19.61854004348257,42.66390283396774
720.0,0.0,24.093016471417204,20.76481052706361,42.61793026756863
721.0,0.0,41.97645777087696,33.72255630335327,42.63601483244294
722.0,0.0,16.912619511324355,38.115285796084756,42.544664057846745
723.0,0.0,17.766562756429284,40.4993078062763,42.343954945880505
724.0,0.0,39.68149571142267,40.54153813569108,42.57124374046848
725.0,0.0,21.528179938014183,45.25303818264939,42.49979937011037
726.0,0.0,34.37794532658085,46.130625708313616,42.465487725700555
727.0,0.0,32.16390912427124,47.23781728875325,42.33379511180424
728.0,0.0,30.123731428213176,18.844068332618793,42.81963940532175
729.0,0.0,25.58449816881433,20.25545295972496,43.050059415369596
730.0,0.0,22.934265137257658,21.61220035805525,43.0008837411629
731.0,0.0,18.923952174869555,25.445084780748267,42.94924369025815
732.0,0.0,18.170205805011555,26.48795399949267,42.79385840678915
733.0,0.0,16.682736798255306,30.576219516570138,42.76119421162568
734.0,0.0,16.489409674448293,32.07175888151083,42.8446087964279
735.0,0.0,16.464235529059614,33.409074627859596,43.03332772190026
736.0,0.0,41.25387345352397,36.50196058313954,42.76951005366649
737.0,0.0,36.32157863833582,44.56582083011924,42.957861231551604
738.0,0.0,23.965963358837982,46.48251948791496,42.804219647702006
739.0,0.0,26.705498029768098,47.427654656736635,42.78387698322317
740.0,0.0,31.562727411914604,18.696069839998124,42.939160103450355
741.0,0.0,35.77554896407018,19.006077622756578,42.71760307606875
742.0,0.0,38.10271151904665,20.075655833544673,42.7542711296924
743.0,0.0,19.715917788053176,24.537937121049676,43.102476275151325
744.0,0.0,42.456728834699355,25.49312124806733,42.28031011092118
745.0,0.0,17.60975392029751,27.67260873435625,43.03273396988826
746.0,0.0,42.507850264933616,27.1472506348154,42.5522295456206
747.0,0.0,42.1681731741552,29.927198571752808,43.10868270431068
748.0,0.0,38.02285701315451,42.66784556527205,43.16179492886271
749.0,0.0,20.774345315185208,44.255976665181336,43.03693843747803
750.0,0.0,30.043528652501212,47.36635932436592,42.89414570744296
751.0,0.0,28.76980801740055,47.50083370632824,42.86800990753195
752.0,0.0,28.868631819668323,19.23637321071026,43.33816591639119
753.0,0.0,36.859842315123345,19.64319453416734,43.203039811362665
754.0,0.0,39.4510184796621,21.625240772287242,43.00213012612698
755.0,0.0,21.594113202540274,22.938221509053033,43.603290780864306
756.0,0.0,41.43539343022104,23.38104427813581,42.72650691864232
757.0,0.0,41.89513646368467,24.33823820742098,42.55614473252217
758.0,0.0,42.01329547528045,27.921891608710705,43.20480205935629
759.0,0.0,41.35204351918626,30.203735550758093,44.11623354202473
760.0,0.0,41.38211295570529,32.675231094431574,43.902566507308805
761.0,0.0,40.71146749995488,37.80000750474716,43.06048036757719
762.0,0.0,20.116679230333833,43.16267717653981,43.46945707810227
763.0,0.0,37.08925564511274,43.63200958828283,43.353612138321296
764.0,0.0,35.0752852401632,44.991783486095855,43.583108537036026
765.0,0.0,33.55124605271149,46.02330967040884,43.45969469166407
766.0,0.0,31.22028261759291,47.10667276618129,43.13659400207251
767.0,0.0,24.497240438794474,21.197130935090758,43.88289336637236
768.0,0.0,40.28738531003684,22.828375293951677,43.37506691588698
769.0,0.0,20.84125231158166,23.880069435086032,44.05370554666885
770.0,0.0,41.87241464375722,26.602769844219015,43.233985676351395
771.0,0.0,41.267577915167124,27.85396449978176,44.08268475826297
772.0,0.0,17.18285140909925,29.305800518675706,43.41875350231382
773.0,0.0,17.084419853194262,35.22367143717343,44.10870934876392
774.0,0.0,17.3712280552126,36.8343967837304,44.025243079724824
775.0,0.0,17.56604973676669,38.05552237342484,43.820153299317354
776.0,0.0,18.750569259058008,40.77584291717033,43.79379121141748
777.0,0.0,38.4682961328123,41.4824585670515,43.68590567497624
778.0,0.0,22.464173124669852,45.26824563258645,43.53641106329212
779.0,0.0,27.964425927877375,46.95396405204321,43.738654439726076
780.0,0.0,33.39255616113571,19.114523183674883,43.790738047802776
781.0,0.0,25.861727163765362,20.768706491284554,44.23536398694248
782.0,0.0,23.116002547508774,22.272717328651524,44.39169394534082
783.0,0.0,18.262936609724736,27.34975327596947,43.947823616759415
784.0,0.0,40.1699035995312,30.02669955762043,45.40779271472604
785.0,0.0,40.69840041564395,31.545045270562763,44.93438858175392
786.0,0.0,17.025963713857866,32.37453275310638,44.17015474173378
787.0,0.0,40.79669337799234,34.79652043100508,44.175491189651545
788.0,0.0,40.60567877175698,36.7048765874937,43.78256234855861
789.0,0.0,38.90886808406839,40.20804430378447,44.11976408533346
790.0,0.0,19.560618178057883,41.80575493412931,44.178040824492335
791.0,0.0,35.78068646364738,44.01493293247436,44.16655972192046
792.0,0.0,24.055694121278396,45.72626056600647,44.13699577968883
793.0,0.0,25.36567741715275,46.2415784460943,44.04249460285447
794.0,0.0,31.3201140627981,19.259599386956793,44.05809919007543
795.0,0.0,34.39326034110537,19.5594411735133,44.14728902481888
796.0,0.0,27.369373687163897,20.48448251536596,44.70910295459132
797.0,0.0,37.93712636184186,21.686496223049385,44.39975043827002
798.0,0.0,38.961298212309345,22.26186348734046,44.16444757601861
799.0,0.0,41.38031003664772,25.579856481163805,43.644900773558135
800.0,0.0,40.27005407820037,26.79079744753254,44.84469058657821
801.0,0.0,39.88046059529559,37.925359258805535,44.1224205663509
802.0,0.0,18.581049046667594,39.51298454581817,44.42293752078752
803.0,0.0,21.229627339025075,43.520276011189615,44.3448949738034
804.0,0.0,32.30587757724361,45.90990000909032,44.265675473338675
805.0,0.0,26.884591965482237,46.45360996596232,44.2763811870473
806.0,0.0,35.5347461840607,20.138672205423752,44.42553328849942
807.0,0.0,36.62467806550298,21.439872831920482,44.94242781443316
808.0,0.0,39.4826783351253,23.350912324603076,44.52647435643443
809.0,0.0,40.36126012559714,24.190475860691002,44.12946086027632
810.0,0.0,20.33576474339993,25.072335186270763,44.74302608527392
811.0,0.0,18.130451962156265,36.78053637564887,45.24309303695836
812.0,0.0,19.449825950013892,40.63314563174868,44.945951000428494
813.0,0.0,37.63309166348234,41.67302444090368,44.63697554888957
814.0,0.0,36.45787818641288,42.96871028526244,44.750329402990985
815.0,0.0,22.692474046276022,44.54284517119112,44.58110592448134
816.0,0.0,29.814869888867964,46.25297083231437,44.74566203674064
817.0,0.0,29.237869965840403,20.12860849887516,45.06600722393685
818.0,0.0,22.45860350348747,23.25667852801704,45.27016866921077
819.0,0.0,19.263436959444647,26.802806740338735,45.010885391142175
820.0,0.0,18.35703169692828,28.139034416939325,44.7526756218469
821.0,0.0,39.01990804697888,29.55300475398608,46.571850119031986
822.0,0.0,17.564099518076304,31.411141098985432,44.977768814243106
823.0,0.0,39.46190412917788,32.40523051595033,46.11564521814765
824.0,0.0,40.25724322959289,34.09440549278334,45.11339514631512
825.0,0.0,20.694700131950654,42.087339205223586,45.13036765262878
826.0,0.0,31.01412156292382,45.754478251121846,44.960524062625396
827.0,0.0,32.659657686326774,19.903008409885246,45.02313778903593
828.0,0.0,34.521903178262235,20.502584076685487,45.09758668746384
829.0,0.0,38.17404528705268,23.38619225183468,45.41531817040987
830.0,0.0,21.604992092807574,24.33153477770096,45.533422109514945
831.0,0.0,39.3861165348715,26.04505260187899,45.557596256730164
832.0,0.0,38.73934141140418,31.50405709348664,46.85990961114303
833.0,0.0,17.9803483942091,34.093992313945705,45.68119719529497
834.0,0.0,39.81937065956734,36.801891097433284,44.90979263292555
835.0,0.0,18.917897656239955,37.96223357988889,45.833424872560826
836.0,0.0,19.314215000626433,39.22044922202578,45.62346303490665
837.0,0.0,38.41372148002424,39.41775058830596,45.43019143070604
838.0,0.0,34.16983700980403,43.95514218079476,45.49899057665746
839.0,0.0,23.804095730603443,44.46966472814686,45.3390865143992
840.0,0.0,25.240589519250275,45.15611377037837,45.39213632135345
841.0,0.0,27.991692778722456,20.956063459723094,45.77990441444901
842.0,0.0,35.30412433920445,21.28922236522094,45.58716875924241
843.0,0.0,25.628039585268535,22.167243761435145,46.14227286981124
844.0,0.0,24.29695889256914,22.7574130786468,46.00828945965654
845.0,0.0,20.94958583277684,25.47947451174269,45.96832649136423
846.0,0.0,18.11133640593636,30.012686226144172,45.46177701802014
847.0,0.0,18.15019157663902,32.40273652878433,45.92416844855822
848.0,0.0,39.326476099412,33.92488502770798,46.094118432795874
849.0,0.0,39.50538086445139,35.03408804552823,45.745939923998975
850.0,0.0,38.815473551224024,38.392441882198426,45.40329386228965
851.0,0.0,36.64418348716086,41.468740642025246,45.94321634521017
852.0,0.0,22.6462871037481,43.24230419317708,45.82901560488501
853.0,0.0,28.437180897823566,45.55322261776412,45.60389508899528
854.0,0.0,32.7693910302475,20.736892923995587,45.80456946649556
855.0,0.0,27.0837647484115,21.767289950679107,46.32865245422009
856.0,0.0,38.20675260897593,26.37584025196484,46.57524019418757
857.0,0.0,38.16985181018549,27.7809484946326,46.94260747487422
858.0,0.0,37.74415261194275,29.44023440677287,47.52092931924083
859.0,0.0,19.034100674609952,36.681174580009724,46.41176576548496
860.0,0.0,37.300401672828954,40.31194775532536,45.978113402645064
861.0,0.0,35.091551682044084,42.538974903878845,46.191950652879925
862.0,0.0,32.63165259615574,44.20713883556889,46.01237810749845
863.0,0.0,27.128866791288782,45.14246693374465,45.914510307921894
864.0,0.0,30.89193118197024,44.91881528111858,45.941897522006464
865.0,0.0,31.208074477848587,20.68086258839683,46.07854316391706
866.0,0.0,36.90044693910237,23.35981598245843,46.1627454710598
867.0,0.0,19.660870848439238,27.768348433451848,46.23563485798938
868.0,0.0,18.949539287508514,28.954390015559955,46.02337352844834
869.0,0.0,18.712469654061994,33.23277563925557,46.552032807091244
870.0,0.0,37.86714024828039,38.65626266587799,46.347660989243295
871.0,0.0,20.215217049522888,39.63680765909073,46.46311748601326
872.0,0.0,21.25798802913318,41.26777471156129,46.311148989364014
873.0,0.0,22.189118991145932,42.13021325023925,46.46228878388971
874.0,0.0,23.971800291153784,43.47925776959262,46.388787347298766
875.0,0.0,25.641330916579697,44.23553028271372,46.43662473716565
876.0,0.0,29.621872598033274,44.7977885366149,46.34242314197213
877.0,0.0,30.010573904771444,21.52328816741185,46.66228904407586
878.0,0.0,33.33542510910565,21.607511295725704,46.56808449580067
879.0,0.0,28.63031084936314,21.844587950191745,46.76078428895153
880.0,0.0,36.74124838728819,28.110388245873303,47.936254350770135
881.0,0.0,19.00209288317221,30.17658019719642,46.62575653919504
882.0,0.0,36.99861595491242,32.07494435794162,48.23499533992896
883.0,0.0,19.137260812515756,34.60615414863588,47.02675183709587
884.0,0.0,38.982000712307766,36.70343433439472,45.97806685473691
885.0,0.0,19.91509131129541,37.63967766391176,47.08591287870974
886.0,0.0,36.871834943480486,39.297113664232796,46.932367811242194
887.0,0.0,35.85091507317575,40.78775464573271,46.89636774249747
888.0,0.0,28.125096340746044,44.39135675325277,46.77476555835156
889.0,0.0,34.72202863822304,22.41025304863437,46.74245977518006
890.0,0.0,25.555376491514856,23.26561302079396,47.194845683263466
891.0,0.0,37.10331796250743,24.731152037463414,46.79844267915019
892.0,0.0,21.632662352786692,26.329008314472425,47.155991584590986
893.0,0.0,20.60408456680841,27.122775886849887,46.91475772042018
894.0,0.0,35.317897212529786,28.457210791962908,48.734930962308354
895.0,0.0,37.544755790312884,33.47037135462312,47.7212531514799
896.0,0.0,37.85684736858261,34.86126774383965,47.312976970840175
897.0,0.0,19.770502959835966,35.807019696651324,47.41922855311185
898.0,0.0,37.95906593686026,36.46928675238719,47.0033117710437
899.0,0.0,33.66277888827447,42.39698554241873,47.13229272320543
900.0,0.0,25.028087066705123,43.26351659933786,47.051390122337864
901.0,0.0,32.50356855159473,43.23296367999786,47.00041800611187
902.0,0.0,26.800198846066067,44.03545442290941,46.97358440632937
903.0,0.0,32.13905499274503,21.8326241494381,47.001866608634735
904.0,0.0,24.41335537053787,24.22987727255512,47.47991083795868
905.0,0.0,22.902226111559404,25.39329690401589,47.46857625089948
906.0,0.0,36.26793809681051,25.686608385854598,47.504644625188476
907.0,0.0,19.94618026652336,29.325904360712357,47.378902444207235
908.0,0.0,36.04606720810982,30.860095418332467,48.7538212071755
909.0,0.0,19.50919441254263,32.28595903436808,47.43403828250647
910.0,0.0,36.566873587379625,38.24363636955346,47.59404793807196
911.0,0.0,21.56541992147339,39.12432985186632,47.80210592085708
912.0,0.0,22.220676169611647,40.57682815973932,47.50770383747124
913.0,0.0,34.32102520518637,41.28294129136958,47.640552485024905
914.0,0.0,24.239976105420126,41.979779291854,47.72331163785329
915.0,0.0,29.607914255699455,43.71727909776718,47.32012479216259
916.0,0.0,31.187838985044174,43.49353381714499,47.1672724760321
917.0,0.0,29.52139639037586,22.671551765655398,47.61303465125343
918.0,0.0,30.707299862767815,22.659790472175406,47.68108868060635
919.0,0.0,32.85536907920225,22.673145975616954,47.32493417449135
920.0,0.0,34.871035879196825,23.643657270721725,47.370359430258894
921.0,0.0,20.529996210667743,36.63060413530497,47.96760094696378
922.0,0.0,26.27419222857387,42.934988547463725,47.68272709100213
923.0,0.0,27.815680109757537,23.46526595914103,48.013147229073766
924.0,0.0,31.951833852090395,23.308449588044166,47.98293250106319
925.0,0.0,26.242679871981593,24.1486997770378,48.149013217575586
926.0,0.0,23.309874406123612,26.259682111305825,48.28870872189609
927.0,0.0,21.50054261985976,27.691992146594412,48.050143762230455
928.0,0.0,21.04724263251052,28.940956063169427,48.18936936000595
929.0,0.0,20.189950534737644,34.52104509935438,48.14414673750399
930.0,0.0,36.349403364647145,35.06441771549161,48.397559756643034
931.0,0.0,35.971440326702194,36.48077792533673,48.4508425579902
932.0,0.0,34.713883277050414,39.81488661110586,48.1750967334133
933.0,0.0,23.456759854223524,40.715006596353305,48.145830204442966
934.0,0.0,33.382312970884236,40.90371111226087,48.308328102959955
935.0,0.0,32.96594509986842,23.933323711605695,48.11409673966406
936.0,0.0,20.66883368933712,30.159741052414116,48.162120623704816
937.0,0.0,34.19499857588025,30.56826664110443,49.60372155936214
938.0,0.0,35.5887656472923,33.84192235907891,49.05724032458978
939.0,0.0,24.853330070127182,40.940322149632706,48.60882028128028
940.0,0.0,28.867106363676672,42.17539257663398,48.48800243304358
941.0,0.0,30.792682706600836,24.357832752799403,48.69153279575109
942.0,0.0,27.784034240215043,24.86236583439193,48.94371625260661
943.0,0.0,34.211758860984595,25.053404623565044,48.24741750782653
944.0,0.0,24.397002567313592,26.3708278667464,48.89004386759848
945.0,0.0,34.197405327552886,26.659911936621512,48.80310937231706
946.0,0.0,23.199753647650663,27.537578370088045,48.822511323812016
947.0,0.0,33.27097033906932,29.04296978590777,49.69682841456245
948.0,0.0,21.226179848809693,34.92751630271578,48.832940948804534
949.0,0.0,22.124259488360387,36.639248026162875,49.02261034035344
950.0,0.0,34.61259271368503,38.515171691831874,48.8712675893022
951.0,0.0,23.68349899987419,39.11518110876051,48.991574120354464
952.0,0.0,26.977763719323104,41.825842048683754,48.590659428434485
953.0,0.0,32.938845236517174,25.117620579404196,48.641624017779364
954.0,0.0,26.020638065577934,26.00762929070432,49.20990564995024
955.0,0.0,32.783075023060704,27.8261149982172,49.57032351560038
956.0,0.0,21.007404692527118,33.17080752436789,48.87386104134306
957.0,0.0,34.45251158738137,37.184620806773715,49.20975279199812
958.0,0.0,25.01944189256166,39.70996480077971,49.32499534248762
959.0,0.0,31.794445053557194,40.502637888476094,48.99903987874556
960.0,0.0,30.236786250356676,41.22357037268449,49.0018186134924
961.0,0.0,29.693019768071295,25.539355954049057,49.374892407799294
962.0,0.0,31.524096951893902,25.32127749806386,49.08994172427851
963.0,0.0,32.38090817925962,26.74075573852929,49.36412779790572
964.0,0.0,24.288831835969727,27.670520259147644,49.355112456499654
965.0,0.0,22.76042777367578,28.927268435928372,49.342885392177
966.0,0.0,21.670589034146655,31.435316626375307,49.297857523405135
967.0,0.0,34.19217442211764,32.7310237606434,49.76570828619759
968.0,0.0,21.955254009004815,34.05566413438456,49.444390751883965
969.0,0.0,22.6843038326221,35.57894258794609,49.69158359664837
970.0,0.0,34.52691136396324,35.93234215769609,49.426181980410185
971.0,0.0,23.928175012159773,38.028657816297695,49.56013545826184
972.0,0.0,33.38971972506333,38.27668645930752,49.41703221310584
973.0,0.0,28.037857766678055,40.81185147277096,49.383673837695405
974.0,0.0,32.030565387747515,28.975236483575305,50.0969315471247
975.0,0.0,22.284510776426494,30.245284358423635,49.35914163790334
976.0,0.0,34.334769030109584,34.170806408402655,49.775763895550426
977.0,0.0,32.20414557701871,38.82487460494534,49.673622062997026
978.0,0.0,30.748937047428495,39.966705657848294,49.61843954010695
979.0,0.0,27.765687285709618,26.962249470748418,49.95055429235195
980.0,0.0,26.199794862486826,27.86573417946084,50.1056573058275
981.0,0.0,31.31130476753894,28.06327005607814,50.09051159846621
982.0,0.0,25.38077866341702,28.784551054078943,50.243429518933254
983.0,0.0,23.994790398388897,29.217785122907834,49.83677917772891
984.0,0.0,32.46844428684588,30.74301247635992,50.308506673020574
985.0,0.0,23.113590164628096,33.931411072818634,50.09941191667214
986.0,0.0,24.390900715341623,36.6094207166369,50.170687427108994
987.0,0.0,33.38919079423229,36.86276568484498,49.87112456976813
988.0,0.0,25.26543392175397,38.13521759512079,49.9921522690843
989.0,0.0,27.39478414505962,39.74353298828468,49.835160134900605
990.0,0.0,29.575920661056763,27.6824807510143,50.28148252299712
991.0,0.0,31.03350035363129,29.971359183058233,50.588842100720015
992.0,0.0,23.279492982899228,31.013830083671138,50.10186205291452
993.0,0.0,22.870208759010332,32.58538959619452,50.03873251254175
994.0,0.0,33.083671600225095,33.81430054642732,50.29781047447529
995.0,0.0,25.83715289102776,37.07985001712893,50.486746569165966
996.0,0.0,32.31589435825674,37.59273649466526,50.07130220290502
997.0,0.0,24.63624988796985,30.537540527954103,50.50371360035518
998.0,0.0,31.80064145971661,32.39610584959499,50.68443790970257
999.0,0.0,24.65855884018638,32.95055894741369,50.715623046217296
1000.0,0.0,24.4874531079764,34.21861575276207,50.643556117114834
1001.0,0.0,32.527481849999425,34.88809584268862,50.480234350006796
1002.0,0.0,25.86028154933087,35.5513198922871,50.74553355277387
1003.0,0.0,27.231848429057287,37.383328893212514,50.61352587548292
1004.0,0.0,29.694386887443986,38.21396902797398,50.462588551494974
1005.0,0.0,28.41882758073509,38.796132803560326,50.23403825724071
1006.0,0.0,28.93289515228421,29.119713873834062,50.71706181150789
1007.0,0.0,26.023253595761936,30.042476163710685,50.772097557991245
1008.0,0.0,27.55897372066603,29.983819280491577,50.95368359180512
1009.0,0.0,25.519669686750692,31.459089197893523,50.842214990730945
1010.0,0.0,30.50693326913857,31.715877194319294,50.97518827845872
1011.0,0.0,27.933918432236496,36.03768242178521,50.97377377037611
1012.0,0.0,30.215937721188485,36.6206338871418,50.766342226643566
1013.0,0.0,31.740831643458495,36.61034441930355,50.50075107210467
1014.0,0.0,28.887321572977807,37.01264303682424,50.84997602287294
1015.0,0.0,26.88079580966337,31.090181445432997,51.05215595017366
1016.0,0.0,28.234994312596353,31.1331153541762,51.09862655881817
1017.0,0.0,29.130919537713606,32.55266540976799,51.16460903835326
1018.0,0.0,27.193904375602774,32.960649624530184,51.268619514635446
1019.0,0.0,26.033840427614248,33.646920549984344,50.97971792856425
1020.0,0.0,27.940362861387317,34.06743469531016,51.21469371167565
1021.0,0.0,31.033809712362363,33.82540908849638,50.9304401704837
1022.0,0.0,28.979677586400637,35.06438157658001,51.18483083752722
1023.0,0.0,30.353408968554223,35.45649324635496,50.92777417372732
