,time,distances,autocorrelations_spatial_total,autocorrelations_spatial_tissue,autocorrelations_spatial_cell
0,0,0.0,0.9999999999999997,,
1,0,1.0,0.9999999999999998,,1.0
2,0,3.0,0.11401593527065462,,0.06416277332504748
3,0,4.0,-0.0028002363075130816,,-0.06738910264944166
4,0,5.0,-0.25569660942532346,0.297147811755605,-0.30385910260357446
5,0,6.0,-0.2926608360673845,0.22489849366435413,-0.3334871675736565
6,0,7.0,-0.2456870151788535,0.3010841670977715,-0.26899550191343335
7,0,8.0,-0.05760612612527831,-0.05619222246124735,-0.06135422694864982
8,0,9.0,0.05344867781158418,-0.3579999327733819,0.07092523486341991
9,0,10.0,0.12711489269825954,-0.3339600876212745,0.1843446329544206
10,0,11.0,-0.09371992790453107,-0.3123209658637795,-0.05759838915213392
11,0,12.0,-0.05187332880574028,-0.7682344226791191,0.006128520973268185
12,0,13.0,0.01534991170213955,-0.7024829606347971,-0.006664885274310381
13,0,14.0,0.13340053158296336,-0.28691570568054153,0.16873831007003112
14,0,15.0,0.14524092411985617,-0.2187347288693815,0.20913483447542433
15,0,16.0,-0.015033956888658065,-0.3598674380943591,-0.0010898593875910574
16,0,17.0,0.03488367754938721,-0.12268712627541233,0.031445249319793846
17,0,18.0,-0.1667128596185921,0.40416548298308747,-0.19185316162711527
18,0,19.0,-0.32303953629023285,0.2875948110584851,-0.33826830078745057
19,0,20.0,-0.37247180392142776,0.43467683771706234,-0.402506571986417
20,0,21.0,0.2695351005985184,,0.14018510065126236
21,0,22.0,0.16856292217330576,,-0.19003158348199406
22,0,23.0,0.31260417732295104,0.6559158032169179,0.32823546710178025
23,0,24.0,0.9598081982009923,0.9939871187252506,0.9659413949669815
24,3,1.0,1.0,0.9999999999999999,0.9999999999999997
25,3,3.0,0.11560561742236247,,0.04833561203331176
26,3,4.0,0.06635801424750179,,-0.0291004344488476
27,3,5.0,-0.2247172084010072,0.29991825220104257,-0.2863152388643459
28,3,6.0,-0.32292780032159396,0.24311339465827184,-0.3938421897944975
29,3,7.0,-0.23394075556463795,0.2763422996138168,-0.26043062834703223
30,3,8.0,-0.07088488427639199,-0.09298742042368191,-0.0662750322995347
31,3,9.0,0.05805281783707267,-0.3436275263426431,0.09852810629914803
32,3,10.0,0.10442649121511698,-0.32737128423017026,0.17397906684342826
33,3,11.0,-0.12146518878826751,-0.3387936468177805,-0.07930547346507141
34,3,12.0,-0.040920810278272476,-0.8098216532526389,0.02389985109650722
35,3,13.0,0.007337250382663271,-0.6362650806277144,-0.029544195748732203
36,3,14.0,0.0914780704075218,-0.2821907873144979,0.13347688985128284
37,3,15.0,0.11575605961138595,-0.27110081428101396,0.22041860113076664
38,3,16.0,0.01121819326427129,-0.36045814397528336,0.03487163999844106
39,3,17.0,0.020061423142568407,-0.030778875849441334,0.020984995027013485
40,3,18.0,-0.11107962196069927,0.44516738244655374,-0.1521848015762731
41,3,19.0,-0.2899365565249672,0.2930453287794748,-0.3147783201879644
42,3,20.0,-0.3605171207392556,0.4477829920314393,-0.4043519573553765
43,3,21.0,0.24854090732258094,,0.0987104256251139
44,3,22.0,0.1565939348792715,,-0.2734403630109134
45,3,23.0,0.3210882462247015,0.731576847060066,0.31787317623844535
46,3,24.0,0.9466744736449948,,0.9306729977104963
47,6,3.0,0.06069029906504593,,0.06449784683162016
48,6,4.0,0.03716003297812767,,-0.04907710725667799
49,6,5.0,-0.2346498356884156,0.30481739916817235,-0.292102204944667
50,6,6.0,-0.304698835093486,0.2533697133286537,-0.3483308653521262
51,6,7.0,-0.24216359573070106,0.2610011194010148,-0.2598188502999419
52,6,8.0,-0.0685400171661481,-0.11258356015433868,-0.060487707063832045
53,6,9.0,0.02791428694194306,-0.3380079154109895,0.03707013319860364
54,6,10.0,0.11658106563982734,-0.3092690894995021,0.16830256288128675
55,6,11.0,-0.08769294841298325,-0.3388705768063954,-0.03977762111411771
56,6,12.0,-0.07271100495810874,-0.8120266872587022,-0.006217723273959731
57,6,13.0,0.03614983315917184,-0.6377647269501954,0.009830646134137764
58,6,14.0,0.14686450594326314,-0.28079588965093505,0.184749172971073
59,6,15.0,0.15140909257262533,-0.2651963798672259,0.20868541402209914
60,6,16.0,-0.05036794040571895,-0.3560593879668807,-0.02411121869933305
61,6,17.0,0.0405725812718605,-0.05807644982376859,0.030836304340245098
62,6,18.0,-0.14916267772217476,0.4623907872062839,-0.19158297970725183
63,6,19.0,-0.3003584724914644,0.2856147973586736,-0.3112497645285413
64,6,20.0,-0.3574306315247915,0.4239766934721909,-0.391696722420624
65,6,21.0,0.32158658383065103,0.9753562555823144,0.17593129586272407
66,6,22.0,0.10831203220011552,,-0.23859002646356706
67,6,23.0,0.32451577449183966,0.8200197896347479,0.29727909531070157
68,6,24.0,0.9574736527422926,0.9948366759980641,0.9568771363342565
69,9,0.0,1.0,0.9999999999999997,0.9999999999999997
70,9,1.0,1.0,0.9999999999999998,0.9999999999999997
71,9,3.0,0.07896776031883147,,0.11603791763194582
72,9,4.0,0.15582220145593156,,0.0662472543160932
73,9,5.0,-0.2121544027738779,0.3106040968452495,-0.2814363963650628
74,9,6.0,-0.3357043389822571,0.27589916493168676,-0.4044453727901303
75,9,7.0,-0.2959181342323436,0.2032742666683234,-0.29767966474147367
76,9,8.0,-0.09712121976281135,-0.1661374955097641,-0.09304176893951964
77,9,9.0,0.03133716610925485,-0.311514179169716,0.03559426260069824
78,9,10.0,0.10971729814508689,-0.28372391053113094,0.17466450240324055
79,9,11.0,-0.10739584740794617,-0.3585029113916995,-0.0511463159880699
80,9,12.0,-0.10182668931794768,-0.8462726098194626,-0.023037996352977076
81,9,13.0,0.02211767877782886,-0.5798769857904165,-0.0024471574157139396
82,9,14.0,0.10781523814945458,-0.2778114404838145,0.15508183385059
83,9,15.0,0.15912610201721836,-0.29425128225667724,0.23997354991473144
84,9,16.0,-0.019533594391918364,-0.3490607317240993,0.012878001434667972
85,9,17.0,0.09842028936632483,-0.007277407866045917,0.08396624698503387
86,9,18.0,-0.15654865863989428,0.4798929825235359,-0.22767313526914432
87,9,19.0,-0.3008409427800228,0.29404883134916576,-0.31545400589664613
88,9,20.0,-0.2987834903038852,0.4045505498659044,-0.3315788389157328
89,9,21.0,0.39035965465415384,0.9194879076677162,0.20840731025492837
90,9,22.0,0.060965498438836786,,-0.27351015749022695
91,9,23.0,0.33692884566388687,0.9696241983456246,0.2712837539860059
92,9,24.0,0.8573627838377836,0.9606596981460516,0.8298748328919868
93,12,0.0,0.9999999999999997,0.9999999999999997,1.0
94,12,1.0,0.9999999999999996,0.9999999999999997,1.0
95,12,3.0,0.0886130746215642,,0.07544222603766906
96,12,4.0,0.07688648276228575,,-0.02394552533798076
97,12,5.0,-0.23153281347942034,0.31443321365138266,-0.30244807349932185
98,12,6.0,-0.28761738643972873,0.28763375202462016,-0.36491442167420407
99,12,7.0,-0.2871914844717291,0.19934404191155294,-0.297259257376235
100,12,8.0,-0.07665442049962166,-0.20982802316641397,-0.05405834820982932
101,12,9.0,0.05957218024186173,-0.3049304934266152,0.07846712094141785
102,12,10.0,0.11890117721442131,-0.26790835426492965,0.1804499500721283
103,12,11.0,-0.14128739532574747,-0.3820724616284653,-0.09065392589375436
104,12,12.0,-0.10338382739879279,-0.8991169224248464,-0.0025826163801346154
105,12,13.0,0.04390953548572436,-0.5278031681952419,0.003623877427160746
106,12,14.0,0.1238592761087385,-0.27092450635763915,0.17101710215993246
107,12,15.0,0.12355251483085154,-0.3099379870806093,0.21757972991099067
108,12,16.0,-0.024649344215869697,-0.35282986726442356,0.00784575375689568
109,12,17.0,0.043396935237275246,0.052930590368102486,0.016401934089530446
110,12,18.0,-0.13884429254707237,0.5006188422165084,-0.2042384474526197
111,12,19.0,-0.30915511144015123,0.29746864360698133,-0.33735531616000525
112,12,20.0,-0.3506304036711115,0.41477000334928993,-0.38755262364359794
113,12,21.0,0.3697948582545729,0.900598821634871,0.19529287108775528
114,12,22.0,0.23167540651182578,,-0.16204224653563024
115,12,23.0,0.44132507599040977,0.9430203280230387,0.4273850206904866
116,12,24.0,0.9513898785222362,0.9903461136113224,0.9318394394463003
117,15,0.0,0.9999999999999998,0.9999999999999998,1.0
118,15,1.0,0.9999999999999997,1.0,0.9999999999999998
119,15,3.0,0.10521289971554408,,0.08840810083472911
120,15,4.0,0.11037640041095076,,-0.0029039635839340867
121,15,5.0,-0.20924475121646968,0.31133978345707536,-0.2944946417162209
122,15,6.0,-0.318746127772203,0.25793032255598974,-0.39605019856560897
123,15,7.0,-0.23231855605463272,0.22944657370938193,-0.2655370109076855
124,15,8.0,-0.11777497060186377,-0.17948236539293133,-0.10011406832462398
125,15,9.0,0.007683103463933437,-0.30427958337524286,0.028213535901515527
126,15,10.0,0.1316083771517967,-0.29967249738851687,0.19797058391175607
127,15,11.0,-0.10848907714255944,-0.3694387037990381,-0.0467105482551274
128,15,12.0,-0.12310676258170332,-0.8364209415259025,-0.024160810772448398
129,15,13.0,0.02181358305890683,-0.5642404668756805,0.020802147392546023
130,15,14.0,0.08992698976220083,-0.2766654165181399,0.15031039645051264
131,15,15.0,0.13865707688718013,-0.2788862169592394,0.20717515986954002
132,15,16.0,-0.0413270838057587,-0.34601398720664367,0.0014251711821816082
133,15,17.0,0.03122522663737269,-0.013226647378467717,0.03793571199361226
134,15,18.0,-0.14615278682520558,0.4618076868166109,-0.2331052248686726
135,15,19.0,-0.2663798704161547,0.2928196343544497,-0.2933699383787188
136,15,20.0,-0.3159852136923225,0.41997254539454926,-0.37871167566578284
137,15,21.0,0.40645864353617656,0.9520683306754729,0.1964319556917251
138,15,22.0,0.19471739786109593,,-0.21512719560201105
139,15,23.0,0.36720615504396803,0.8906303846599861,0.30637710457651485
140,18,0.0,0.9999999999999998,1.0,1.0
141,18,1.0,0.9999999999999998,,0.9999999999999998
142,18,3.0,0.08704404845846943,,0.09577609772891228
143,18,4.0,0.10345814959230855,,0.006277452602784489
144,18,5.0,-0.2211374766993793,0.3107402859405742,-0.2973039796953881
145,18,6.0,-0.31672225941642723,0.2773468840567201,-0.385385371168499
146,18,7.0,-0.23044583989349607,0.22157165751956193,-0.25249721244673584
147,18,8.0,-0.10664703188942928,-0.17740238809580483,-0.08238247119495981
148,18,9.0,-0.010417393641600287,-0.3105628521131397,0.01095503939024391
149,18,10.0,0.13461492443872047,-0.29422590425470563,0.1805087376481916
150,18,11.0,-0.09088597526306963,-0.37456793188363036,-0.037783809708453096
151,18,12.0,-0.12012498269359365,-0.8594464798828464,-0.0320837240447087
152,18,13.0,0.01941152807678441,-0.5430839652334878,0.009709220984496288
153,18,14.0,0.11763281066305313,-0.281258923293841,0.1828336974970366
154,18,15.0,0.1207211490236765,-0.29979550872456967,0.17848059554415527
155,18,16.0,-0.031345945098881285,-0.3446527203056559,0.010501503210855691
156,18,17.0,0.030031436663243486,0.02020873195608598,0.042015320731166955
157,18,18.0,-0.10736413091864565,0.4646864890531124,-0.17365133440690006
158,18,19.0,-0.26139518292503305,0.29689087355334964,-0.2838112942820252
159,18,20.0,-0.3234208702805262,0.43598924629889446,-0.3879652703578082
160,18,21.0,0.29296904452486333,0.978212973463595,0.12109883606860071
161,18,22.0,0.12441125671172532,,-0.3183922995439421
162,18,23.0,0.3871467021006359,0.7789433601117639,0.400995799222145
163,18,24.0,0.9656945934668077,,0.9274337006060867
164,21,0.0,1.0,0.9999999999999996,0.9999999999999998
165,21,3.0,0.02627312024201812,,0.07247982802679659
166,21,4.0,0.12300371265481459,,0.0393588718363362
167,21,5.0,-0.2179629556861303,0.31130843236520866,-0.28582258160213675
168,21,6.0,-0.35579751093646117,0.2829092629697232,-0.4098059078799535
169,21,7.0,-0.2332058243283642,0.20287606681708942,-0.25346568414307474
170,21,8.0,-0.09990715177172234,-0.21047295565803104,-0.08502748362344605
171,21,9.0,-0.019148111518277777,-0.2953461617932758,-0.013848530193123362
172,21,10.0,0.13132663873319494,-0.28654266730779954,0.18163517826062253
173,21,11.0,-0.084503426644508,-0.39751429091997265,-0.02634313890298778
174,21,12.0,-0.1032686258809561,-0.8799337360357855,-0.024550447585332428
175,21,13.0,0.05593703694952769,-0.5038973582009397,0.05006282874283317
176,21,14.0,0.14648898892197498,-0.2826027485196718,0.214111599579518
177,21,15.0,0.128419571736685,-0.3057941243223626,0.1742118972795907
178,21,16.0,-0.03558568206869623,-0.3411572002157827,-0.0012550790305469
179,21,17.0,-0.01227526620618508,0.039063577812986396,-0.009878633965883331
180,21,18.0,-0.1418128567506496,0.46311480990263953,-0.2141590680202728
181,21,19.0,-0.29211299555488107,0.29267839302068277,-0.2989242855584816
182,21,20.0,-0.27917922033513815,0.45567836810106127,-0.32817005243388475
183,21,21.0,0.2967938084949938,,0.11560497326714822
184,21,22.0,0.07888234824775918,,-0.3116027739946993
185,21,23.0,0.5095349410747732,0.74339616242083,0.569300591071178
186,21,24.0,0.9522457667965575,,0.9077998991280692
187,24,3.0,-0.024872995140920083,,0.007091180284529522
188,24,4.0,0.12894668099151915,,0.014197866752478064
189,24,5.0,-0.23647302735295506,0.3091093622981586,-0.3053689505517544
190,24,6.0,-0.31203830546446,0.30124905320762607,-0.3644156228517544
191,24,7.0,-0.17327068799490727,0.1983322641336767,-0.17960902524273523
192,24,8.0,-0.041621889080238846,-0.2211291638027896,-0.0217249876544685
193,24,9.0,-0.012638231605799261,-0.2996489957926213,-0.01634347986453466
194,24,10.0,0.09952760224917212,-0.26766287452244486,0.14117611274922667
195,24,11.0,-0.07482167372919676,-0.40492488658254683,-0.013185840396718747
196,24,12.0,-0.15216342551237322,-0.9142119849170276,-0.04163557957657178
197,24,13.0,0.06408449348834903,-0.48533693403158035,0.06931658427862297
198,24,14.0,0.19895540222873448,-0.268528484928783,0.2718855220471879
199,24,15.0,0.07732198821918139,-0.32100098208758143,0.11312218170720595
200,24,16.0,-0.05439085159553728,-0.3502167808581724,-0.03325389446913796
201,24,17.0,-0.03314584789069535,0.06174336770083302,-0.025867599593171184
202,24,18.0,-0.10264783326129497,0.48911279882014064,-0.16355458403279557
203,24,19.0,-0.2538074358625788,0.29989294219873314,-0.2768348560821518
204,24,20.0,-0.2905962464826296,0.46093392688466195,-0.3485473245421478
205,24,21.0,0.16521591202225858,,0.017104296088802012
206,24,22.0,0.27682218273379133,,-0.18067794635524734
207,24,23.0,0.4816228590237868,0.7534330447666507,0.528435051436546
208,24,24.0,0.9108207068614208,,0.8701738392369577
209,27,3.0,-0.12119898643171356,,-0.03693733284973468
210,27,4.0,0.11067054426789164,,-0.015177078625960981
211,27,5.0,-0.21714613164528088,0.3148011302760643,-0.2967020090950308
212,27,6.0,-0.25588659366297106,0.2921793006054157,-0.30157571441054215
213,27,7.0,-0.2269627173334617,0.19207591879627275,-0.21069842607023975
214,27,8.0,-0.024301688252579553,-0.19261155080702155,0.00015148414825945556
215,27,9.0,-0.02721159686523454,-0.29807879818638544,-0.047824817965130884
216,27,10.0,0.01879529223951249,-0.28144261065006365,0.05262179116605521
217,27,11.0,-0.06689017415890434,-0.3833676567474389,0.005953547760721717
218,27,12.0,-0.12984296227551603,-0.8920616120149713,-0.001385639726442012
219,27,13.0,0.06126090093804505,-0.5244072331747192,0.07638624362495496
220,27,14.0,0.19744808030366076,-0.26516333580465345,0.26773394626921754
221,27,15.0,0.06325996141839738,-0.30345981149078766,0.09920241693833012
222,27,16.0,-0.06789881687425559,-0.3493642786961296,-0.048012898043490744
223,27,17.0,-0.029448582541575417,0.02066358249330359,-0.02121589900423574
224,27,18.0,-0.02795020065377224,0.4620921762564358,-0.0765128939996731
225,27,19.0,-0.20042595757970938,0.30695106250320076,-0.22896263854223012
226,27,20.0,-0.30580777990456265,0.46561481538117366,-0.3592782674710827
227,27,21.0,0.1647005319817746,,-0.0007201249337797783
228,27,22.0,0.31099907542535915,,-0.2459874906717395
229,27,23.0,0.4402305301742822,0.7428446862298516,0.481698779586396
230,27,24.0,0.8170845781751555,,0.7510121029407243
231,30,0.0,0.9999999999999997,0.9999999999999998,1.0
232,30,1.0,0.9999999999999997,0.9999999999999998,0.9999999999999998
233,30,3.0,-0.0949265311106634,,-0.05179140614541739
234,30,4.0,0.14780538308313357,,-0.006325631294971299
235,30,5.0,-0.2079106740405069,0.3189552670217086,-0.304952347810508
236,30,6.0,-0.22794641788901754,0.29863691228175837,-0.27447434602350124
237,30,7.0,-0.23282460758990778,0.17441672644188372,-0.20408476879150197
238,30,8.0,-0.025824242284452317,-0.21802217245430594,0.014750371610734683
239,30,9.0,0.02386562050636346,-0.2660446951545858,0.007360234463484965
240,30,10.0,-0.014728863030878937,-0.2900368330193653,0.031066859861114782
241,30,11.0,-0.10099805827193374,-0.4075363934962336,-0.025885935904251322
242,30,12.0,-0.15117121656812121,-0.8941657325082657,-0.0015867894848452134
243,30,13.0,0.05818255283647419,-0.4768472065221135,0.04883216863752313
244,30,14.0,0.15605583596111952,-0.2739975898753714,0.23476603781958127
245,30,15.0,0.03546536910991545,-0.3052860614915197,0.10372711850789536
246,30,16.0,-0.042271825556408314,-0.33127208508683753,-0.019075199778593788
247,30,17.0,-0.01790805235200641,0.0375977666310689,-0.005864309603032585
248,30,18.0,-0.043355112045394786,0.45048103235972736,-0.10790705371230727
249,30,19.0,-0.22656358612733554,0.29229194655455476,-0.2636401810189881
250,30,20.0,-0.21257459563601888,0.47918749753583767,-0.24960364406112487
251,30,21.0,0.35394306162533734,,0.12989886526077624
252,30,22.0,0.3887864448897928,,-0.2312629523606691
253,30,23.0,0.4638849124146181,0.8047370789660451,0.4932989694585354
254,30,24.0,0.8254147082252068,,0.6910925374698139
255,33,0.0,0.9999999999999998,1.0,
256,33,1.0,0.9999999999999997,1.0,1.0
257,33,3.0,-0.08005304690645014,,0.03690140160542224
258,33,4.0,0.14921584084936987,,0.0010374009685164508
259,33,5.0,-0.1639828360452379,0.3216706641151118,-0.2731887296121402
260,33,6.0,-0.18293736456155063,0.31692329078525955,-0.24189428515486905
261,33,7.0,-0.2070719740735073,0.12293062964257558,-0.20815910157401987
262,33,8.0,-0.09512653102422458,-0.24367552183099167,-0.05986264216609403
263,33,9.0,-0.038101310833822115,-0.24118270017293184,-0.04857593475618136
264,33,10.0,-0.022108365323808898,-0.2820204912151332,0.02244938551304965
265,33,11.0,-0.08010742007328633,-0.45318167819565985,0.011723993295016015
266,33,12.0,-0.15004381019664395,-0.9074865459655583,0.005635220110449366
267,33,13.0,0.03353923161046893,-0.41254237869457694,0.042429195872500186
268,33,14.0,0.12219724994434729,-0.2812534133372891,0.20950863411109139
269,33,15.0,0.07492610932795271,-0.31999279076850157,0.13066623224303883
270,33,16.0,-0.03542388252794076,-0.31076067785095746,0.028901935435736822
271,33,17.0,0.02996671091508884,0.09617150822036476,0.05193203148739309
272,33,18.0,-0.027030728227883685,0.421072574002637,-0.11196537405211945
273,33,19.0,-0.20293330480692548,0.2875090714884687,-0.236162502139874
274,33,20.0,-0.2178244483222723,0.5049378791813731,-0.29394878110050504
275,33,21.0,0.3493422519651784,,0.09552138015013718
276,33,22.0,0.20448811113474188,,-0.32167001313448385
277,33,23.0,0.3520624930171561,0.8248233207708823,0.3502526613707306
278,33,24.0,0.8996874461151113,,0.7338371725932304
279,36,0.0,0.9999999999999999,0.9999999999999998,0.9999999999999999
280,36,1.0,1.0,0.9999999999999998,1.0
281,36,3.0,-0.2749560026290994,,-0.16922809304797948
282,36,4.0,0.25835840786166303,,0.07339277434857526
283,36,5.0,-0.13083195784446466,0.32235906988066765,-0.26947728491806233
284,36,6.0,-0.13484060993857552,0.33225512085004016,-0.21032485349743732
285,36,7.0,-0.12350967885539581,0.10698114493916411,-0.09885064174377524
286,36,8.0,-0.12101659312794845,-0.2883434295474207,-0.07378738613298165
287,36,9.0,-0.06032643890928545,-0.22436370022095592,-0.10333267707999395
288,36,10.0,-0.04423128940664067,-0.2533220277755384,-0.028169376387891687
289,36,11.0,-0.08207196833355897,-0.4792267210750409,0.04791732569808151
290,36,12.0,-0.262697087272251,-0.9560297205327687,-0.01611976366971384
291,36,13.0,0.00952528018375392,-0.36087493504638357,0.05070286614663779
292,36,14.0,0.13328461100740402,-0.26411263612854924,0.2298759606632178
293,36,15.0,0.030235176953095362,-0.3428649662208221,0.04932618374743499
294,36,16.0,-0.09031501717193519,-0.3157066531660479,0.016601448322988776
295,36,17.0,0.05150416735930438,0.12142989431449915,0.09193486748192765
296,36,18.0,0.08520746542465187,0.452794798060404,-0.00891421480534398
297,36,19.0,-0.09676540896998359,0.2976971786272911,-0.14244177008166198
298,36,20.0,-0.1742115829216199,0.50664326971352,-0.2704064376968805
299,36,21.0,0.2698492059847454,,0.0031803723766483725
300,36,22.0,0.3958010574500209,,-0.43290613796802513
301,36,23.0,0.4036346343409662,0.8742324907663303,0.32127868813307925
302,36,24.0,0.6990710728819776,,0.4287433320145539
303,39,0.0,1.0,,
304,39,1.0,1.0,,
305,39,3.0,-0.2231539307362377,,-0.13469617662144848
306,39,4.0,0.1944136574411027,,-0.023811157443519516
307,39,5.0,-0.13257770072106448,0.324348709934749,-0.2627981616426196
308,39,6.0,-0.10911075211495189,0.319444087951511,-0.15399745661519545
309,39,7.0,-0.07679736024359467,0.09553590999085969,-0.06275083591596832
310,39,8.0,-0.09509879281483954,-0.2753902883247864,-0.049728279031276926
311,39,9.0,-0.06055897196568005,-0.226090318734779,-0.1269479963291723
312,39,10.0,-0.06792296142702516,-0.26610596306770395,-0.06381034299211047
313,39,11.0,-0.035803408437427325,-0.4500155330123645,0.10687278253335823
314,39,12.0,-0.25407758489904525,-0.9350335018623845,0.001752775026477017
315,39,13.0,-0.04402360506300594,-0.39734861803901467,0.028775457033959156
316,39,14.0,0.17656189037818337,-0.2772484711041824,0.2727830895300254
317,39,15.0,0.0681777563684703,-0.3143335365981136,0.060596745011989604
318,39,16.0,-0.12154222875368935,-0.32076453731878546,-0.017912207365193077
319,39,17.0,-0.011105467751890686,0.10917166603070864,0.021619808473401447
320,39,18.0,0.140011997497716,0.4565800422801339,0.05581814830840237
321,39,19.0,-0.11428994022697178,0.2945404813058944,-0.18117990495378994
322,39,20.0,-0.19750273558320952,0.46204925456447976,-0.29580225174624336
323,39,21.0,0.30217223387855896,,0.1132825380802301
324,39,22.0,0.34980653692945424,,-0.3659676773684685
325,39,23.0,0.427486680135868,0.9015740005022126,0.3266411822590995
326,39,24.0,0.7448504555393204,,0.5276403405434932
327,42,0.0,0.9999999999999999,1.0,0.9999999999999997
328,42,1.0,0.9999999999999999,1.0,0.9999999999999997
329,42,3.0,-0.10155095419422525,,-0.04904049404358358
330,42,4.0,0.19806549289587658,,0.009888030292137936
331,42,5.0,-0.11959230806828257,0.32251109122554655,-0.24151407035580716
332,42,6.0,-0.13146116063316848,0.30067866433102053,-0.19924939251733198
333,42,7.0,-0.165396068351378,0.12204693801900326,-0.15671211091617784
334,42,8.0,-0.1401679136020954,-0.23743903609925388,-0.09198919577654469
335,42,9.0,-0.058804732632644616,-0.24676170255439492,-0.09698326475303057
336,42,10.0,-0.06323237729979034,-0.27944912297194985,-0.038693872564878204
337,42,11.0,-0.054837505485471075,-0.4172144861924793,0.0628774082667329
338,42,12.0,-0.20842085953108955,-0.8939073269527219,-0.007193585370598926
339,42,13.0,0.012150205132889856,-0.44856916180483525,0.04940046797585244
340,42,14.0,0.19105345497426077,-0.2789003464726042,0.2820387893063411
341,42,15.0,0.0467698421837505,-0.31090800374522565,0.09228490462791186
342,42,16.0,-0.08371710400441454,-0.3273646755947941,0.011486794434917565
343,42,17.0,-0.01002348060728062,0.08392495592257955,0.015709341077120516
344,42,18.0,0.07370802315812154,0.44910423235987346,-0.03461065693896633
345,42,19.0,-0.17525459746155259,0.28254643715167876,-0.2436992312329606
346,42,20.0,-0.13842833878675442,0.4610667578570327,-0.1913083655631136
347,42,21.0,0.3761109481078857,,0.15099702573303847
348,42,22.0,0.28335121079896597,,-0.39599103372079053
349,42,23.0,0.49883319592476755,0.8704180460803866,0.4195438879309592
350,42,24.0,0.6863774770867854,,0.4254089667745014
351,45,0.0,1.0,1.0,0.9999999999999999
352,45,1.0,0.9999999999999999,0.9999999999999999,0.9999999999999999
353,45,3.0,-0.2685395766052391,,-0.12723913327690142
354,45,4.0,0.2244605771593397,,0.011524636615889395
355,45,5.0,-0.1091823731883189,0.33066704943857256,-0.25305629665489165
356,45,6.0,-0.08062696172466279,0.32655848426991285,-0.13824482674034388
357,45,7.0,-0.13004916072207973,0.08222010103668628,-0.13796968169018298
358,45,8.0,-0.13500426133671303,-0.2918791427266929,-0.06986654740253619
359,45,9.0,-0.07367633906932382,-0.21953613797467245,-0.11515323278785976
360,45,10.0,-0.05337377243338114,-0.2619627513002113,-0.0443328939534673
361,45,11.0,-0.028606134749603798,-0.4780009695432056,0.12109114619507262
362,45,12.0,-0.25273553978558577,-0.9435829546331079,-0.0025937781799038164
363,45,13.0,-0.015719393261700715,-0.34753912102381634,0.02435522569850255
364,45,14.0,0.14060905276052338,-0.27983828427725893,0.23275924519364513
365,45,15.0,0.046286483356464396,-0.33624988592818095,0.0483805362816437
366,45,16.0,-0.09374264145340869,-0.3191893447300498,0.03891191797621245
367,45,17.0,0.032958682560693335,0.1563779614014331,0.09224025042615984
368,45,18.0,0.11093378910792333,0.45565641779486865,-0.0012660278178772903
369,45,19.0,-0.1237682244209198,0.2919166931585792,-0.20103785701209412
370,45,20.0,-0.1518430088399405,0.48324590951298985,-0.23725268817244335
371,45,21.0,0.319858464552715,,0.12298744116025305
372,45,22.0,0.2692505661270037,,-0.5340979548978931
373,45,23.0,0.40781024742297395,0.9001856824215249,0.30393337879632437
374,45,24.0,0.7311208206007502,0.9987173188112726,0.4836704409866543
375,48,3.0,-0.0933579614232899,,-0.03558914837386251
376,48,4.0,0.14473074260022448,,-0.06066231223285454
377,48,5.0,-0.10441981761707023,0.32587140989201274,-0.22643132434326338
378,48,6.0,-0.067124095378266,0.3097289830235533,-0.11884888079023413
379,48,7.0,-0.16137742684668108,0.08607825644196514,-0.1627490862454234
380,48,8.0,-0.1499553869194145,-0.27043376923928325,-0.10783148645054219
381,48,9.0,-0.041025915686932,-0.22481450942079434,-0.07593212546048976
382,48,10.0,-0.04953753174336628,-0.2746210296726302,-0.01914696316582945
383,48,11.0,-0.07979453566244592,-0.44493521054485,0.0465970363951063
384,48,12.0,-0.2149295694272613,-0.9181502878417445,0.004490949220696533
385,48,13.0,0.016242818181918382,-0.3771173340765503,0.02483334398896546
386,48,14.0,0.1634398008541374,-0.2837032724905176,0.23844062726770548
387,48,15.0,0.06303225143886294,-0.32585403015368386,0.12994476847910416
388,48,16.0,-0.05139167656241953,-0.31200793757672546,0.06021127546996538
389,48,17.0,0.014351988657733603,0.13923751887667415,-0.0005609355128791691
390,48,18.0,0.04290630001715212,0.4577481624018005,-0.09740507255949817
391,48,19.0,-0.19756227799145493,0.2902541826955764,-0.2647017490965712
392,48,20.0,-0.12668238162357118,0.4581621093478829,-0.16649579449108934
393,48,21.0,0.4592993265090925,,0.2553136896785255
394,48,22.0,0.18003230313938517,,-0.43061649983652595
395,48,23.0,0.5710666310890957,0.9321952272263301,0.46069305491269313
396,48,24.0,0.6910138673086532,,0.44713219701564516
397,51,0.0,0.9999999999999998,0.9999999999999999,1.0
398,51,1.0,0.9999999999999998,0.9999999999999997,0.9999999999999999
399,51,3.0,-0.11752202795365332,,-0.022189793538183056
400,51,4.0,0.11856630138393648,,-0.0845737775654956
401,51,5.0,-0.10545179804170868,0.31186620810707527,-0.22190423900723197
402,51,6.0,-0.05241965480549375,0.294591478429911,-0.08581384534391902
403,51,7.0,-0.1150130239074365,0.12467221828341236,-0.15023030640753732
404,51,8.0,-0.16811896340854268,-0.231735705431458,-0.14715201740628636
405,51,9.0,-0.09979213359788436,-0.23842512997910745,-0.12858463031542242
406,51,10.0,-0.052257128815780846,-0.29439135132944183,-0.018688935965674634
407,51,11.0,-0.0359427898130102,-0.4447047660203567,0.09686278338613882
408,51,12.0,-0.19892001143835894,-0.8718851240169632,0.010302159815063999
409,51,13.0,-0.014687742980979256,-0.4019047720215692,0.05574652472899146
410,51,14.0,0.14131505836841587,-0.3007928425749484,0.2112867309247473
411,51,15.0,0.07045670405681631,-0.3155198666693459,0.10208227106919356
412,51,16.0,-0.04833156766209543,-0.3015723793883837,0.06476136778248276
413,51,17.0,0.04295071554790817,0.12848544609350016,0.05048832150743408
414,51,18.0,0.06249804899467473,0.41471841801862064,-0.04810521508939248
415,51,19.0,-0.18618334166474296,0.2774797627477815,-0.2479999486943813
416,51,20.0,-0.09700512503067424,0.48508098310181214,-0.17198654090493642
417,51,21.0,0.37590779266289404,,0.1823659671013253
418,51,22.0,0.15797506571516123,,-0.40254382467722
419,51,23.0,0.5410535966857943,0.8838547984509855,0.44079949956989894
420,51,24.0,0.6551574503706737,,0.4336022504505937
421,54,0.0,0.9999999999999998,,1.0
422,54,1.0,0.9999999999999998,0.9999999999999999,1.0
423,54,3.0,-0.058371664348709315,,-0.0374614400078825
424,54,4.0,0.04422247013693993,0.9873133097791682,-0.12714798841131397
425,54,5.0,-0.13190481945849417,0.31652908678376324,-0.22715948561907032
426,54,6.0,-0.039848582505012366,0.2943684283753293,-0.0466326177959023
427,54,7.0,-0.12244005756586548,0.13942896606962205,-0.15045127714224185
428,54,8.0,-0.1746924131012618,-0.21980824817750197,-0.16325714099316038
429,54,9.0,-0.0797084452686138,-0.24112529671189148,-0.09899177796866464
430,54,10.0,-0.005858793147538747,-0.30302103568576344,0.0380777322133577
431,54,11.0,0.0239595671552758,-0.45868263805117243,0.14001536135137324
432,54,12.0,-0.16448115226235538,-0.8454324453993942,-0.00413536702804908
433,54,13.0,-0.012870215085305808,-0.3953772035855962,0.025614025410471697
434,54,14.0,0.1437321247799063,-0.304081599100687,0.19537216533576943
435,54,15.0,0.06231752111763172,-0.31412042314898053,0.12699220724949695
436,54,16.0,0.006690285855539577,-0.28961001535202013,0.09204587665182698
437,54,17.0,0.004038646060763429,0.13717093577449813,-0.04331648601296723
438,54,18.0,-0.0942733891936309,0.3974018741833672,-0.20245209427782632
439,54,19.0,-0.2724347287748264,0.27950214874260926,-0.33220455122763054
440,54,20.0,-0.028651731416837897,0.5146462698564412,-0.07590793072351454
441,54,21.0,0.4463711859802147,,0.2540581198487704
442,54,22.0,0.1652325025681954,,-0.27897280723297824
443,54,23.0,0.6552749022912474,0.8665158831918988,0.6032841737451307
444,54,24.0,0.712480368047419,,0.5134158000489731
445,57,1.0,1.0,,0.9999999999999999
446,57,3.0,-0.0976068736468111,,-0.0732717479878884
447,57,4.0,0.11953331330922243,0.9859742958509382,-0.07657607353220376
448,57,5.0,-0.10701667799462704,0.31795765466092957,-0.22217667236975985
449,57,6.0,-0.0022364476515860086,0.2958550803106159,-0.028013789438629182
450,57,7.0,-0.17017534199880902,0.08661002272659027,-0.1723887713260576
451,57,8.0,-0.18337686793551053,-0.2428976570001834,-0.14701544425388238
452,57,9.0,-0.09257910572446525,-0.22965290177985243,-0.11159683305232969
453,57,10.0,-0.07158923187805688,-0.2830091311692417,-0.04405044863054063
454,57,11.0,-0.026816865903339634,-0.43628658034232687,0.09429934020019998
455,57,12.0,-0.1634032917449947,-0.8622113223896589,0.029052629705618442
456,57,13.0,-0.0023122412130798463,-0.4202459199455436,0.03444350318522034
457,57,14.0,0.10748144935827371,-0.29037084807221364,0.170584911690112
458,57,15.0,0.07052160871666209,-0.298133044752257,0.1370879742666836
459,57,16.0,0.002764157553140287,-0.3012731728911353,0.1099111192274134
460,57,17.0,0.05139202972740925,0.11196145089779351,0.058129590431171725
461,57,18.0,0.001794565301283419,0.41085716082756574,-0.12675870566087447
462,57,19.0,-0.21278584130310632,0.27253225334646275,-0.27756478589164646
463,57,20.0,-0.1111417030283741,0.46110972787259846,-0.1631002021632434
464,57,21.0,0.45819318925248176,,0.2861607920366215
465,57,22.0,0.15939407842421346,,-0.4066476879960971
466,57,23.0,0.4852409749616895,0.9249578575079624,0.3320344477782814
467,57,24.0,0.6722796130372012,,0.3985246447965768
468,60,0.0,0.9999999999999998,0.9999999999999999,1.0
469,60,1.0,0.9999999999999998,1.0,
470,60,3.0,-0.02343090178526102,,0.04994296588566371
471,60,4.0,0.15406599699543877,0.9615552232024789,-0.06163644531655958
472,60,5.0,-0.07615741617030154,0.3165886419016018,-0.19815582353108938
473,60,6.0,-0.030347615644848332,0.28977632022246064,-0.04613674706439272
474,60,7.0,-0.13837561766656548,0.10897706170227082,-0.1776080993127866
475,60,8.0,-0.24188077048232073,-0.21757154731382736,-0.20201044864671175
476,60,9.0,-0.13890816639341647,-0.22975229957167603,-0.14202407690840627
477,60,10.0,-0.07252997521392965,-0.3097712091091471,-0.04916023757745024
478,60,11.0,-0.02774931022788079,-0.4425738357195008,0.08741969269878626
479,60,12.0,-0.1426706784523755,-0.7933840114290946,0.030241862474412875
480,60,13.0,0.00872142432007716,-0.42438407356521124,0.08410473402529389
481,60,14.0,0.1252847910132535,-0.30013246620638867,0.19087557104334943
482,60,15.0,0.055201049606248984,-0.2858405678001626,0.12269346731297184
483,60,16.0,0.01486471112334281,-0.2870986395854595,0.14388631897286971
484,60,17.0,0.047228549113240405,0.1309229697333701,0.05117104490000101
485,60,18.0,-0.03252704103917896,0.36949513208425905,-0.17686818802922485
486,60,19.0,-0.18627801076891676,0.26311898112666054,-0.24163781991489588
487,60,20.0,-0.03096829508348363,0.4535695206599049,-0.10048144326018098
488,60,21.0,0.3522607318736159,,0.16153701264728526
489,60,22.0,0.1652313655770328,,-0.30788672824250474
490,60,23.0,0.5352946524390105,0.9646230925145219,0.3003640718274796
491,60,24.0,0.4725544142594784,,0.08911356921954873
