,frame,Elipsoid_deviation_contribution_matrix,Tissue_stress_tensor_cartesian,Tissue_stress_tensor_elliptical,Tissue_stress_tensor_elliptical_e1,Tissue_stress_tensor_elliptical_e2,Tissue_stress_tensor_elliptical_e3,stress_ellipsoid_anisotropy_e12,stress_ellipsoid_anisotropy_e23,stress_ellipsoid_anisotropy_e13,angle_ellipsoid_cartesian_e1_x1,angle_ellipsoid_cartesian_e1_x2,angle_ellipsoid_cartesian_e1_x3,stress_tissue_anisotropy,Gauss_Bonnet_relative_error,Gauss_Bonnet_error,Gauss_Bonnet_error_radial,Gauss_Bonnet_relative_error_radial,H0_volume_integral,H0_arithmetic,H0_surface_integral,S2_volume_integral,stress_cell_nearest_pair_anisotropy,stress_cell_nearest_pair_distance,stress_cell_all_pair_anisotropy,stress_cell_all_pair_distance,auto_correlations_distances,auto_correlations_average,auto_correlations_normalized,auto_correlations_averaged_normalized,time,autocorrelations_temporal_total,autocorrelations_temporal_cell,autocorrelations_temporal_tissue,stress_total_anisotropy,stress_cell_anisotropy
0,0,"[[0.11304938 0.04321232 0.0587987  0.19648346 0.00508066 0.05414412]
 [0.00537972 0.0613299  0.01496638 0.35005125 0.55607574 0.08195403]
 [0.03653343 0.09922979 0.09747146 0.55591235 0.19145378 0.08319121]
 [0.55725218 0.07747909 0.10103291 0.07492988 0.25528936 0.17645006]
 [0.01345387 0.04481235 0.00833076 0.02621843 0.24550408 0.01581111]
 [0.14175516 0.18051883 0.18987508 0.01157584 0.06785633 0.09922164]]","[[-0.01075989 -0.10741943 -0.02558316]
 [-0.10741943  0.09091678 -0.05289571]
 [-0.02558316 -0.05289571 -0.03579706]]","[[ 0.16399385  0.          0.        ]
 [ 0.         -0.00692224  0.        ]
 [ 0.          0.         -0.11271177]]",0.16399384896391453,-0.006922243237976994,-0.11271176996315102,0.17091609220189152,0.10578952672517403,0.2767056189270656,95.5654256913466,135.60223276546157,111.82857340369976,0.276705618927066,0.06413823967563706,0.8059848903166511,0.8919808676403971,0.07098158211418341,0.12374107630407032,0.12730583764189451,0.12579944407777235,2210.787201196138,"[0.         0.         0.         0.         0.19525475 0.
 0.         0.78770034 0.         0.76180138 0.90847246 0.
 0.86472776 0.         0.         0.         0.         0.
 0.         0.         0.         0.         0.         0.
 0.         0.         1.2199198  0.76180138 0.86472776 0.99825977
 0.         0.         0.90847246 0.         0.53403815 0.
 0.         0.        ]","[0.         0.         0.         0.         8.63750648 0.
 0.         5.47455307 0.         5.43791045 5.56502674 0.
 5.5002106  0.         0.         0.         0.         0.
 0.         0.         0.         0.         0.         0.
 0.         0.         7.33562627 5.43791045 5.5002106  6.98026688
 0.         0.         5.56502674 0.         5.76187785 0.
 0.         0.        ]","[0.44891693 0.78770034 0.76180138 1.01984443 0.79436406 1.1495561
 0.99825977 0.51928064 0.85806404 0.83216508 1.09020813 0.86472776
 1.2199198  1.06862348 0.33754496 0.67632837 0.6504294  0.90847246
 0.68299209 1.03818413 0.8868878  0.19525475 0.53403815 0.50813919
 0.76618224 0.54070187 0.89589391 0.74459759]","[ 9.22400738  5.47455307  5.43791045 19.38622431 19.5317663  17.87735067
  6.98026688 16.03165122 19.88108541 19.80086471  5.64393673  5.5002106
  7.33562627 18.37084895 20.01847607 13.55297933 19.21054158  5.56502674
 10.26416613 15.40247097  9.45194303  8.63750648  5.76187785 14.2853602
  9.96457801 19.07866168 10.90329029 13.77080675]","[[ 5.]
 [ 6.]
 [ 7.]
 [ 8.]
 [ 9.]
 [10.]
 [11.]
 [12.]
 [13.]
 [14.]
 [15.]
 [16.]
 [17.]
 [18.]
 [19.]
 [20.]
 [23.]
 [24.]]","[[ 0.00177321]
 [ 0.00134207]
 [ 0.0017967 ]
 [-0.00033532]
 [-0.00213635]
 [-0.00199289]
 [-0.00186376]
 [-0.0045844 ]
 [-0.00419203]
 [-0.00171215]
 [-0.00130529]
 [-0.00214749]
 [-0.00073213]
 [ 0.00241184]
 [ 0.00171621]
 [ 0.00259391]
 [ 0.00391414]
 [ 0.00593156]]",0.005967445977768877,"[[ 0.29714781]
 [ 0.22489849]
 [ 0.30108417]
 [-0.05619222]
 [-0.35799993]
 [-0.33396009]
 [-0.31232097]
 [-0.76823442]
 [-0.70248296]
 [-0.28691571]
 [-0.21873473]
 [-0.35986744]
 [-0.12268713]
 [ 0.40416548]
 [ 0.28759481]
 [ 0.43467684]
 [ 0.6559158 ]
 [ 0.99398712]]",0,1.0,1.0,1.0,1.0402275190016899,0.9888743846920256
1,1,"[[0.09149827 0.02835768 0.06815657 0.14921577 0.0127258  0.04046021]
 [0.01677086 0.04066379 0.00639464 0.23374803 0.46272252 0.07795   ]
 [0.02271273 0.07163244 0.07659248 0.58268737 0.15387424 0.01076857]
 [0.5278492  0.01301513 0.23190369 0.06579096 0.25368832 0.14913566]
 [0.06603337 0.05480112 0.04185591 0.09518113 0.1737196  0.05089417]
 [0.17444854 0.10902589 0.16351927 0.0329735  0.02176948 0.06775026]]","[[-0.02313193 -0.11549847 -0.02983333]
 [-0.11549847  0.09091906 -0.04938682]
 [-0.02983333 -0.04938682 -0.01994059]]","[[ 0.16659278  0.          0.        ]
 [ 0.          0.00280992  0.        ]
 [ 0.          0.         -0.12155616]]",0.16659278295637892,0.0028099183381794512,-0.1215561578748125,0.16378286461819946,0.12436607621299195,0.2881489408311914,100.97428683095235,138.14517630975203,119.25490478445744,0.28814894083119114,0.05168038026357475,0.6494348118830935,0.668328140170372,0.0531838635577639,0.12395187025747877,0.12678358085315938,0.1255095629728392,2199.5273024295025,"[0.         0.         0.         0.         0.         0.
 0.         0.74191646 0.         0.69735903 1.00157617 0.
 0.82366125 0.67867366 0.         0.         0.         0.
 0.         0.         0.         0.         0.         0.
 0.         0.         1.11307383 0.69735903 0.82366125 0.67867366
 0.         0.4322684  0.81923877 0.         0.51579552 0.
 0.         0.        ]","[0.         0.         0.         0.         0.         0.
 0.         5.4812908  0.         5.4669225  5.59459038 0.
 5.55644592 5.46675154 0.         0.         0.         0.
 0.         0.         0.         0.         0.         0.
 0.         0.         7.26771737 5.4669225  5.55644592 5.46675154
 0.         5.72542561 5.63564007 0.         5.74015381 0.
 0.         0.        ]","[0.56129216 0.51673474 0.73723949 0.55932456 0.84873714 0.67867366
 0.74191646 0.69735903 0.91786378 0.73994886 1.02936144 0.85929796
 0.82562885 0.78107143 1.00157617 0.82366125 1.11307383 0.94301035
 0.47682583 0.4322684  0.65277315 0.47485823 0.76427081 0.59420733
 0.64329144 0.59873402 0.81923877 0.64132384 0.93073642 0.76067294
 0.51579552 0.4712381  0.69174285 0.51382792 0.8032405  0.63317702]","[14.5318699   8.90881919 15.25837223 10.46085728 19.77645754  5.46675154
  5.4812908   5.4669225  19.45547446 19.57546358 17.89879226  6.91834249
 19.79600758 19.87994129  5.59459038  5.55644592  7.26771737 18.22768203
 10.47003902  5.72542561 18.55321465 13.56175282  9.16796528 15.35184041
 13.44916608 19.12219519  5.63564007 10.30198444 15.39126491  9.44956977
  5.74015381 14.31021626  9.92746051 19.08409329 10.92530295 13.73750462]","[[ 0.]
 [ 1.]
 [ 5.]
 [ 6.]
 [ 7.]
 [ 8.]
 [ 9.]
 [10.]
 [11.]
 [12.]
 [13.]
 [14.]
 [15.]
 [16.]
 [17.]
 [18.]
 [19.]
 [20.]
 [23.]]","[[ 0.00646517]
 [ 0.00646517]
 [ 0.00193902]
 [ 0.00157177]
 [ 0.0017866 ]
 [-0.00060118]
 [-0.00222161]
 [-0.00211651]
 [-0.00219036]
 [-0.00523563]
 [-0.00411356]
 [-0.00182441]
 [-0.00175271]
 [-0.00233042]
 [-0.00019899]
 [ 0.00287808]
 [ 0.00189459]
 [ 0.00289499]
 [ 0.00472977]]",0.006465167220777748,"[[ 1.        ]
 [ 1.        ]
 [ 0.29991825]
 [ 0.24311339]
 [ 0.2763423 ]
 [-0.09298742]
 [-0.34362753]
 [-0.32737128]
 [-0.33879365]
 [-0.80982165]
 [-0.63626508]
 [-0.28219079]
 [-0.27110081]
 [-0.36045814]
 [-0.03077888]
 [ 0.44516738]
 [ 0.29304533]
 [ 0.44778299]
 [ 0.73157685]]",3,0.9812185618103395,0.845356317093634,0.9937488801769657,0.9397046541897536,0.870221357186733
2,2,"[[0.10631964 0.00790339 0.05992788 0.28371645 0.06468014 0.06114409]
 [0.00214121 0.04947793 0.01457801 0.24034322 0.53797378 0.10280493]
 [0.00993861 0.05980387 0.09740214 0.58946224 0.20914153 0.02788461]
 [0.54895732 0.04647101 0.15678801 0.03113936 0.27586829 0.12387056]
 [0.04927116 0.02814686 0.05499502 0.0566402  0.23093292 0.04976976]
 [0.20281789 0.17743897 0.12344681 0.0074207  0.01442556 0.05364451]]","[[-0.00751772 -0.11418652 -0.03416075]
 [-0.11418652  0.0829035  -0.05469244]
 [-0.03416075 -0.05469244 -0.02771136]]","[[ 0.16431022  0.          0.        ]
 [ 0.          0.00606835  0.        ]
 [ 0.          0.         -0.12270417]]",0.16431022294024172,0.006068354003677223,-0.1227041658019189,0.1582418689365645,0.12877251980559612,0.2870143887421606,93.6091534714009,138.98339294509444,119.12484691842143,0.28701438874216045,0.05798668339989782,0.7286821543006248,0.9071346931194615,0.07218748523005591,0.12362059034756413,0.1268518184846593,0.12563742330056343,2217.2576890498426,"[0.         0.         0.65829727 0.         0.         0.
 0.         0.78566598 0.         0.66001341 0.80502534 0.
 0.86253637 0.86269767 0.         0.         0.         0.
 0.         0.         0.         0.         0.         0.
 0.         0.         1.17304378 0.78566598 0.86253637 0.86269767
 0.50891809 0.4490624  0.80502534 0.         0.         0.
 0.         0.        ]","[0.         0.         7.41521877 0.         0.         0.
 0.         5.48426824 0.         5.48453586 5.59103707 0.
 5.55510686 5.49929839 0.         0.         0.         0.
 0.         0.         0.         0.         0.         0.
 0.         0.         7.31090121 5.48426824 5.55510686 5.49929839
 5.66434383 5.7788351  5.59103707 0.         0.         0.
 0.         0.        ]","[0.55081179 0.42515923 0.65829727 0.57072789 0.8812353  0.77064142
 0.64286804 0.51721548 0.75035352 0.66278414 0.97329155 0.86269767
 0.78566598 0.66001341 0.89315146 0.80558208 1.11608948 1.00549561
 0.84262027 0.71696771 0.95010576 0.86253637 1.17304378 1.0624499
 0.50891809 0.38326553 0.61640357 0.52883419 0.8393416  0.72874772
 0.57471496 0.4490624  0.68220044 0.59463106 0.90513847 0.79454459
 0.69753986 0.5718873  0.80502534 0.71745596 1.02796337 0.91736949]","[ 7.53531036 16.95818019  7.41521877 16.51928301 12.31707333 12.37720967
 14.55651455  8.95280493 15.33905138 10.46837793 19.81616748  5.49929839
  5.48426824  5.48453586 19.45649513 19.60593534 17.9215789   6.88110024
 19.85133433 19.86615516  5.66290254  5.55510686  7.31090121 18.27098682
  5.66434383 10.65329055 13.36658006 19.0219129   9.18615451 15.09116364
 10.51660793  5.7788351  18.63840453 13.56957192  9.21501107 15.38579531
 13.54076146 19.15462567  5.59103707 10.2968412  15.40746141  9.41440471]","[[ 0.]
 [ 1.]
 [ 5.]
 [ 6.]
 [ 7.]
 [ 8.]
 [ 9.]
 [10.]
 [11.]
 [12.]
 [13.]
 [14.]
 [15.]
 [16.]
 [17.]
 [18.]
 [19.]
 [20.]
 [21.]
 [23.]
 [24.]]","[[ 0.00643814]
 [ 0.00643814]
 [ 0.00196246]
 [ 0.00163123]
 [ 0.00168036]
 [-0.00072483]
 [-0.00217614]
 [-0.00199112]
 [-0.0021817 ]
 [-0.00522794]
 [-0.00410602]
 [-0.0018078 ]
 [-0.00170737]
 [-0.00229236]
 [-0.0003739 ]
 [ 0.00297694]
 [ 0.00183883]
 [ 0.00272962]
 [ 0.00627948]
 [ 0.0052794 ]
 [ 0.0064049 ]]",0.00643813876107799,"[[ 1.        ]
 [ 1.        ]
 [ 0.3048174 ]
 [ 0.25336971]
 [ 0.26100112]
 [-0.11258356]
 [-0.33800792]
 [-0.30926909]
 [-0.33887058]
 [-0.81202669]
 [-0.63776473]
 [-0.28079589]
 [-0.26519638]
 [-0.35605939]
 [-0.05807645]
 [ 0.46239079]
 [ 0.2856148 ]
 [ 0.42397669]
 [ 0.97535626]
 [ 0.82001979]
 [ 0.99483668]]",6,0.9803695955048307,0.7010137305695955,0.9901266397993361,0.9993820857332708,0.9780252507544525
3,3,"[[0.12614915 0.01230777 0.05426074 0.44524283 0.06873999 0.12507327]
 [0.02549996 0.03987019 0.01258706 0.12091195 0.52738668 0.15270252]
 [0.02099011 0.04997208 0.11560137 0.63030045 0.13527402 0.06150301]
 [0.60230318 0.21931298 0.17262296 0.02437724 0.15289919 0.13468188]
 [0.0441545  0.12929305 0.02504658 0.03445038 0.21384084 0.01891175]
 [0.10825153 0.09760944 0.14984923 0.01539554 0.02221997 0.06172988]]","[[ 0.00594648 -0.12019727 -0.04541251]
 [-0.12019727  0.0735963  -0.05604337]
 [-0.04541251 -0.05604337 -0.02739953]]","[[ 0.16634625  0.          0.        ]
 [ 0.          0.01810273  0.        ]
 [ 0.          0.         -0.13230572]]",0.16634624683207946,0.018102727413521952,-0.13230572175704317,0.1482435194185575,0.15040844917056512,0.29865196858912263,87.35025858828482,142.41760547104462,126.05338886031026,0.29865196858912263,0.05312003593526146,0.6675260586105729,0.8351071738465397,0.06645571736458979,0.12340182867161031,0.1262519637098353,0.12505854807135833,2229.070594900523,"[0.         0.         0.         0.         0.         0.
 0.52340358 0.         0.61440403 0.         0.         0.87344465
 0.73060513 0.91148982 0.52340358 0.         0.         0.
 0.         0.         0.         0.         0.         0.
 0.         0.         0.61440403 0.97681503 0.73060513 0.91148982
 0.         0.         0.68926136 0.         0.         0.
 0.         0.        ]","[0.         0.         0.         0.         0.         0.
 5.02124632 0.         5.48071981 0.         0.         5.65062687
 5.53300336 5.58743039 5.02124632 0.         0.         0.
 0.         0.         0.         0.         0.         0.
 0.         0.         5.48071981 7.29291667 5.53300336 5.58743039
 0.         0.         5.65176103 0.         0.         0.
 0.         0.        ]","[0.56836007 0.46735847 0.66320142 0.70124659 0.7665718  0.73060513
 0.52340358 0.42240198 0.61824493 0.6562901  0.7216153  0.68564864
 0.71540563 0.61440403 0.81024698 0.84829215 0.91361735 0.87765069
 0.7786033  0.67760171 0.87344465 0.91148982 0.97681503 0.94084836
 0.59442002 0.49341842 0.68926136 0.72730654 0.79263174 0.75666508]","[14.53498789  8.9211031  15.4720423  10.47567597 19.91236151  5.53300336
  5.02124632 14.10004492 10.85803213 18.95103471 16.13511832  8.83633074
  5.54542321  5.48071981 19.56023323 19.64474445 17.99896309  6.78185543
 19.88382358 19.82091929  5.65062687  5.58743039  7.29291667 18.27613784
 13.53612896 19.11740212  5.65176103 10.34272133 15.46301899  9.42302189]","[[ 0.]
 [ 1.]
 [ 5.]
 [ 6.]
 [ 7.]
 [ 8.]
 [ 9.]
 [10.]
 [11.]
 [12.]
 [13.]
 [14.]
 [15.]
 [16.]
 [17.]
 [18.]
 [19.]
 [20.]
 [21.]
 [23.]
 [24.]]","[[ 7.06398332e-03]
 [ 7.06398332e-03]
 [ 2.19410216e-03]
 [ 1.94894710e-03]
 [ 1.43592603e-03]
 [-1.17359250e-03]
 [-2.20053097e-03]
 [-2.00422097e-03]
 [-2.53245859e-03]
 [-5.97805560e-03]
 [-4.09624136e-03]
 [-1.96245538e-03]
 [-2.07858615e-03]
 [-2.46575919e-03]
 [-5.14074878e-05]
 [ 3.38995603e-03]
 [ 2.07715604e-03]
 [ 2.85773834e-03]
 [ 6.49524725e-03]
 [ 6.84940917e-03]
 [ 6.78608409e-03]]",0.007063983323997487,"[[ 1.        ]
 [ 1.        ]
 [ 0.3106041 ]
 [ 0.27589916]
 [ 0.20327427]
 [-0.1661375 ]
 [-0.31151418]
 [-0.28372391]
 [-0.35850291]
 [-0.84627261]
 [-0.57987699]
 [-0.27781144]
 [-0.29425128]
 [-0.34906073]
 [-0.00727741]
 [ 0.47989298]
 [ 0.29404883]
 [ 0.40455055]
 [ 0.91948791]
 [ 0.9696242 ]
 [ 0.9606597 ]]",9,0.9711337282409743,0.5217798209234561,0.9894641536904494,0.8896333917989937,0.8737067756526316
4,4,"[[0.11348943 0.01887618 0.0711416  0.20979564 0.01730695 0.10134656]
 [0.0133467  0.04369501 0.03657641 0.13010179 0.58404508 0.12178815]
 [0.02801257 0.06628645 0.08254255 0.59689338 0.21944907 0.0141997 ]
 [0.49676072 0.16837192 0.00245485 0.02440942 0.21764005 0.09126313]
 [0.13509559 0.05551573 0.01469505 0.03618875 0.25244236 0.01487469]
 [0.17260525 0.19197223 0.09247009 0.03578914 0.00571305 0.06689715]]","[[ 0.0078317  -0.12719923 -0.04655365]
 [-0.12719923  0.06658576 -0.06402227]
 [-0.04655365 -0.06402227 -0.01726983]]","[[ 0.17045067  0.          0.        ]
 [ 0.          0.02764706  0.        ]
 [ 0.          0.         -0.1409501 ]]",0.170450673794064,0.02764705927380398,-0.14095010333220867,0.14280361452026002,0.16859716260601265,0.3114007771262727,86.69086703131254,144.0129863214355,125.07093499244341,0.3114007771262728,0.06816676959807533,0.856608890353046,1.1167670322370746,0.08886949673129824,0.12362888870827957,0.12779813737731613,0.1257767826182129,2216.81123104274,"[0.         0.         0.71098886 0.         0.         0.
 0.82797048 0.         0.7674349  0.         0.         1.05013588
 0.         0.73038729 0.         0.         0.         0.
 0.         1.16319045 0.         0.         0.         0.
 0.         0.         0.7674349  1.16319045 1.02494709 0.
 0.         0.         0.75201468 0.         0.         0.
 0.         0.        ]","[ 0.          0.          7.47529293  0.          0.          0.
  5.61168381  0.          5.54212383  0.          0.          5.16582573
  0.         10.35235505  0.          0.          0.          0.
  0.          4.99052945  0.          0.          0.          0.
  0.          0.          5.54212383  4.99052945  6.83737396  0.
  0.          0.          5.5694765   0.          0.          0.
  0.          0.        ]","[0.57644846 0.51591288 0.71098886 0.68936147 0.82404343 0.77342508
 0.91559548 0.8550599  1.05013588 1.02850849 1.16319045 1.1125721
 0.82797048 0.7674349  0.96251088 0.94088349 1.07556545 1.02494709
 0.61747428 0.5569387  0.75201468 0.73038729 0.86506925 0.8144509 ]","[ 7.55849562 17.09652731  7.47529293 16.63749864 12.44658204 12.4159775
 15.03989502 19.44428793  5.16582573 10.5439852   4.99052945 19.78913553
  5.61168381  5.54212383 19.55956133 19.64586771 17.92717916  6.83737396
 13.4161616  19.03239036  5.5694765  10.35235505 15.38987349  9.36911715]","[[ 0.]
 [ 1.]
 [ 5.]
 [ 6.]
 [ 7.]
 [ 8.]
 [ 9.]
 [10.]
 [11.]
 [12.]
 [13.]
 [14.]
 [15.]
 [16.]
 [17.]
 [18.]
 [19.]
 [20.]
 [21.]
 [23.]
 [24.]]","[[ 0.00779498]
 [ 0.00779498]
 [ 0.002451  ]
 [ 0.0022421 ]
 [ 0.00155388]
 [-0.00163561]
 [-0.00237693]
 [-0.00208834]
 [-0.00297825]
 [-0.0070086 ]
 [-0.00411422]
 [-0.00211185]
 [-0.00241596]
 [-0.0027503 ]
 [ 0.00041259]
 [ 0.00390231]
 [ 0.00231876]
 [ 0.00323312]
 [ 0.00702015]
 [ 0.00735083]
 [ 0.00771973]]",0.007794980741895753,"[[ 1.        ]
 [ 1.        ]
 [ 0.31443321]
 [ 0.28763375]
 [ 0.19934404]
 [-0.20982802]
 [-0.30493049]
 [-0.26790835]
 [-0.38207246]
 [-0.89911692]
 [-0.52780317]
 [-0.27092451]
 [-0.30993799]
 [-0.35282987]
 [ 0.05293059]
 [ 0.50061884]
 [ 0.29746864]
 [ 0.41477   ]
 [ 0.90059882]
 [ 0.94302033]
 [ 0.99034611]]",12,0.9737115795255339,0.4370415500169782,0.9881050397347583,1.0540287881385926,1.0158529936272063
5,5,"[[0.09061256 0.00395539 0.04570822 0.28078285 0.0529292  0.11989421]
 [0.00276771 0.05980248 0.01462536 0.18983753 0.53347455 0.16785702]
 [0.0242085  0.08296979 0.0856681  0.63504554 0.24589124 0.03171764]
 [0.43892946 0.19678527 0.11294589 0.07161696 0.17277807 0.14573173]
 [0.14600396 0.02858986 0.04039983 0.00814852 0.18331682 0.00779611]
 [0.19888879 0.17569877 0.07530092 0.01028189 0.00554016 0.04691869]]","[[ 0.01336916 -0.14311627 -0.03755378]
 [-0.14311627  0.06364092 -0.06171114]
 [-0.03755378 -0.06171114 -0.01392699]]","[[ 0.18670424  0.          0.        ]
 [ 0.          0.01981336  0.        ]
 [ 0.          0.         -0.1434345 ]]",0.18670423579021067,0.019813359330802083,-0.14343450140966207,0.1668908764594086,0.16324786074046416,0.33013873719987274,84.83701604567503,148.22546984837615,120.69388705991362,0.3301387371998726,0.05659447119579852,0.7111870997700791,0.8713430616962867,0.06933927769889518,0.12385345667501471,0.12700517930063446,0.12569849478322365,2204.774683021026,"[0.         0.         0.59324277 0.         0.         0.
 0.67029393 0.         0.60514892 0.         0.         0.88954726
 0.84317711 0.94674394 0.         0.         0.         0.
 0.         0.         0.         0.         0.         0.
 0.         0.         0.60514892 1.06634338 0.84317711 0.94674394
 0.         0.         0.69153962 0.         0.         0.
 0.         0.        ]","[0.         0.         7.41563462 0.         0.         0.
 5.58532574 0.         5.525824   0.         0.         5.63462244
 5.54254862 5.56071461 0.         0.         0.         0.
 0.         0.         0.         0.         0.         0.
 0.         0.         5.525824   7.22697026 5.54254862 5.56071461
 0.         0.         5.650249   0.         0.         0.
 0.         0.        ]","[0.45187375 0.38672875 0.59324277 0.65043945 0.77003889 0.70946984
 0.58558103 0.52043603 0.72695004 0.78414673 0.90374616 0.84317711
 0.67029393 0.60514892 0.81166294 0.86885962 0.98845906 0.92789001
 0.74817824 0.68303324 0.88954726 0.94674394 1.06634338 1.00577433
 0.55017061 0.4850256  0.69153962 0.7487363  0.86833574 0.80776669]","[ 7.5278864  17.02880836  7.41563462 16.4874904  12.38207763 12.38460579
 14.59083041  8.77846204 15.42040082 10.49601423 19.89706561  5.54254862
  5.58532574  5.525824   19.52349705 19.56835546 17.96221136  6.74510782
 19.89988439 19.85940438  5.63462244  5.56071461  7.22697026 18.31616878
 13.38551711 18.99141239  5.650249   10.30483665 15.45508477  9.42839739]","[[ 0.]
 [ 1.]
 [ 5.]
 [ 6.]
 [ 7.]
 [ 8.]
 [ 9.]
 [10.]
 [11.]
 [12.]
 [13.]
 [14.]
 [15.]
 [16.]
 [17.]
 [18.]
 [19.]
 [20.]
 [21.]
 [23.]]","[[ 0.00861965]
 [ 0.00861965]
 [ 0.00268364]
 [ 0.00222327]
 [ 0.00197775]
 [-0.00154708]
 [-0.00262278]
 [-0.00258307]
 [-0.00318443]
 [-0.00720966]
 [-0.00486356]
 [-0.00238476]
 [-0.0024039 ]
 [-0.00298252]
 [-0.00011401]
 [ 0.00398062]
 [ 0.002524  ]
 [ 0.00362002]
 [ 0.0082065 ]
 [ 0.00767692]]",0.008619650669933499,"[[ 1.        ]
 [ 1.        ]
 [ 0.31133978]
 [ 0.25793032]
 [ 0.22944657]
 [-0.17948237]
 [-0.30427958]
 [-0.2996725 ]
 [-0.3694387 ]
 [-0.83642094]
 [-0.56424047]
 [-0.27666542]
 [-0.27888622]
 [-0.34601399]
 [-0.01322665]
 [ 0.46180769]
 [ 0.29281963]
 [ 0.41997255]
 [ 0.95206833]
 [ 0.89063038]]",15,0.9637416832652518,0.3234208360468599,0.9850241469099464,0.9728862256126309,0.9186103882512684
6,6,"[[0.10509471 0.03650165 0.05633579 0.25728146 0.0169924  0.12310263]
 [0.00724359 0.06448075 0.0308042  0.20583518 0.53545526 0.18562662]
 [0.02282274 0.08284858 0.09863179 0.72106093 0.28385565 0.00590588]
 [0.41505153 0.28310838 0.10254644 0.07007766 0.18999303 0.16512229]
 [0.14188155 0.04123941 0.01023034 0.04353031 0.17563165 0.06015109]
 [0.20809226 0.16619198 0.05907928 0.02812364 0.00672834 0.06032369]]","[[ 0.01873698 -0.13456366 -0.03211397]
 [-0.13456366  0.05053237 -0.06686752]
 [-0.03211397 -0.06686752 -0.01206537]]","[[ 0.17495944  0.          0.        ]
 [ 0.          0.02089099  0.        ]
 [ 0.          0.         -0.13864643]]",0.17495943505916042,0.02089098775702755,-0.13864643284748435,0.15406844730213287,0.1595374206045119,0.3136058679066448,82.28685379510354,148.08297211248032,115.29684580858785,0.3136058679066446,0.059237534790559196,0.7444008164591622,0.9937214460525805,0.0790778400978472,0.12394656182411809,0.12718871875423515,0.12595902115304045,2199.8099212616403,"[0.         0.         0.62566289 0.         0.         0.
 0.603054   0.         0.61992413 0.         0.         1.00320034
 0.         0.92936597 0.         0.         0.         0.
 0.         1.23085599 0.         1.08628763 0.         0.
 0.         0.         0.61992413 1.23085599 0.92436904 0.
 0.         0.         0.70817294 0.         0.         0.
 0.         0.        ]","[0.         0.         7.4142554  0.         0.         0.
 5.57846383 0.         5.51986789 0.         0.         5.20206684
 0.         5.20345788 0.         0.         0.         0.
 0.         4.97524192 0.         5.19360277 0.         0.
 0.         0.         5.51986789 4.97524192 6.78062225 0.
 0.         0.         5.62116572 0.         0.         0.
 0.         0.        ]","[0.42759193 0.44446206 0.62566289 0.69639687 0.85331853 0.74890697
 0.80512939 0.82199952 1.00320034 1.07393433 1.23085599 1.12644443
 0.66056102 0.67743116 0.85863198 0.92936597 1.08628763 0.98187607
 0.603054   0.61992413 0.80112496 0.87185894 1.0287806  0.92436904
 0.51010198 0.52697211 0.70817294 0.77890693 0.93582858 0.83141702]","[ 7.56015056 17.07268782  7.4142554  16.45828512 12.31533306 12.35002025
 15.14578709 19.38246197  5.20206684 10.50742378  4.97524192 19.87400662
 19.53913541 15.20630401 10.65942181  5.20345788  5.19360277 19.88172196
  5.57846383  5.51986789 19.45199994 19.50823658 17.84265956  6.78062225
 13.39996579 19.01997095  5.62116572 10.26336911 15.46827445  9.41447426]","[[ 0.]
 [ 5.]
 [ 6.]
 [ 7.]
 [ 8.]
 [ 9.]
 [10.]
 [11.]
 [12.]
 [13.]
 [14.]
 [15.]
 [16.]
 [17.]
 [18.]
 [19.]
 [20.]
 [21.]
 [23.]]","[[ 0.00780816]
 [ 0.00242631]
 [ 0.00216557]
 [ 0.00173007]
 [-0.00138519]
 [-0.00242492]
 [-0.00229736]
 [-0.00292468]
 [-0.00671069]
 [-0.00424048]
 [-0.00219611]
 [-0.00234085]
 [-0.0026911 ]
 [ 0.00015779]
 [ 0.00362834]
 [ 0.00231817]
 [ 0.00340427]
 [ 0.00763804]
 [ 0.00608211]]",0.0078081552724703135,"[[ 1.        ]
 [ 0.31074029]
 [ 0.27734688]
 [ 0.22157166]
 [-0.17740239]
 [-0.31056285]
 [-0.2942259 ]
 [-0.37456793]
 [-0.85944648]
 [-0.54308397]
 [-0.28125892]
 [-0.29979551]
 [-0.34465272]
 [ 0.02020873]
 [ 0.46468649]
 [ 0.29689087]
 [ 0.43598925]
 [ 0.97821297]
 [ 0.77894336]]",18,0.9596697376893764,0.22006195084769656,0.9800531236974286,1.0120560660134472,0.9539133914057967
7,7,"[[0.13371655 0.06341415 0.06126645 0.30460297 0.10929242 0.21565739]
 [0.01503337 0.03796794 0.04551764 0.21395699 0.54204711 0.21748723]
 [0.0431798  0.09759969 0.11788366 0.68546777 0.25439039 0.00805225]
 [0.41899777 0.45148656 0.01949359 0.06187149 0.16441842 0.18807363]
 [0.1193673  0.26883758 0.07300016 0.03825539 0.19779044 0.07027362]
 [0.07732445 0.10940973 0.05617251 0.01233601 0.01854372 0.08105576]]","[[ 0.03673086 -0.13318085 -0.04445832]
 [-0.13318085  0.04181986 -0.06376864]
 [-0.04445832 -0.06376864 -0.02016106]]","[[ 0.17368329  0.          0.        ]
 [ 0.          0.0267705   0.        ]
 [ 0.          0.         -0.14206414]]",0.17368329269229338,0.026770502494643578,-0.1420641411014688,0.1469127901976498,0.1688346435961124,0.3157474337937622,75.33964249478171,150.20486405953773,123.6139554173463,0.31574743379376213,0.06736166658053257,0.8464916674518648,1.1580572256451518,0.09215526592235616,0.12414501701368044,0.12742051816182656,0.126473043320113,2189.277089645115,"[0.         0.         0.         0.         0.         0.
 0.63608558 0.         0.62180598 1.18260436 0.         0.94312263
 0.         0.80337064 0.         0.         0.         0.
 0.         1.26407827 0.         0.         0.         0.
 0.         0.         0.62180598 1.26407827 0.94694598 0.
 0.         0.         0.62289275 0.80337064 0.42945858 0.
 0.         0.        ]","[0.         0.         0.         0.         0.         0.
 5.60719371 0.         5.50688466 5.41568109 0.         5.16094418
 0.         5.50096223 0.         0.         0.         0.
 0.         5.04393284 0.         0.         0.         0.
 0.         0.         5.50688466 5.04393284 6.72757555 0.
 0.         0.         5.63915572 5.50096223 5.78834987 0.
 0.         0.        ]","[0.74272286 0.72844326 0.86164872 1.08887863 1.18260436 1.05358326
 0.82419677 0.80991717 0.94312263 1.17035254 1.26407827 1.13505717
 0.63608558 0.62180598 0.75501144 0.98224135 1.07596708 0.94694598
 0.50396689 0.48968729 0.62289275 0.85012266 0.94384839 0.81482729
 0.45721487 0.44293527 0.57614073 0.80337064 0.89709638 0.76807527
 0.42945858 0.41517898 0.54838444 0.77561435 0.86934008 0.74031898]","[15.57041276 10.69632116 14.96794094  8.71942983  5.41568109 19.80626462
 15.06177831 19.36001566  5.16094418 10.52676924  5.04393284 19.80541396
  5.60719371  5.50688466 19.43746111 19.47677359 17.74553193  6.72757555
 13.40812216 18.96163454  5.63915572 10.22678864 15.45153007  9.38811742
 18.65825674 13.42341225 10.36527401  5.50096223 15.41075527  9.43905321
  5.78834987 14.47006113  9.89900908 19.11830724 10.88869551 13.72284598]","[[ 0.]
 [ 1.]
 [ 5.]
 [ 6.]
 [ 7.]
 [ 8.]
 [ 9.]
 [10.]
 [11.]
 [12.]
 [13.]
 [14.]
 [15.]
 [16.]
 [17.]
 [18.]
 [19.]
 [20.]
 [23.]]","[[ 0.00799207]
 [ 0.00799207]
 [ 0.002488  ]
 [ 0.00226103]
 [ 0.0016214 ]
 [-0.00168212]
 [-0.00236043]
 [-0.00229007]
 [-0.00317696]
 [-0.0070325 ]
 [-0.00402718]
 [-0.00225858]
 [-0.00244393]
 [-0.00272655]
 [ 0.0003122 ]
 [ 0.00370125]
 [ 0.00233911]
 [ 0.00364182]
 [ 0.00594128]]",0.007992073747401844,"[[ 1.        ]
 [ 1.        ]
 [ 0.31130843]
 [ 0.28290926]
 [ 0.20287607]
 [-0.21047296]
 [-0.29534616]
 [-0.28654267]
 [-0.39751429]
 [-0.87993374]
 [-0.50389736]
 [-0.28260275]
 [-0.30579412]
 [-0.3411572 ]
 [ 0.03906358]
 [ 0.46311481]
 [ 0.29267839]
 [ 0.45567837]
 [ 0.74339616]]",21,0.955218294754007,0.13295402579933532,0.979321213697784,1.0254647626616238,1.0639325460690618
8,8,"[[0.12249288 0.06008497 0.04766679 0.17530998 0.12136612 0.14818791]
 [0.02495437 0.02084297 0.05384901 0.08677908 0.44312065 0.24421679]
 [0.00082276 0.08797862 0.08720574 0.63727788 0.26924917 0.00540681]
 [0.28900793 0.55492315 0.01623244 0.01334451 0.13593864 0.06580629]
 [0.19493812 0.35425644 0.06394348 0.01713563 0.24325312 0.07190238]
 [0.09494102 0.09633249 0.05549735 0.00259147 0.04205619 0.05878623]]","[[ 0.03952955 -0.13075128 -0.04315287]
 [-0.13075128  0.02611898 -0.05940067]
 [-0.04315287 -0.05940067 -0.0111192 ]]","[[ 0.1643443   0.          0.        ]
 [ 0.          0.02965824  0.        ]
 [ 0.          0.         -0.13947322]]",0.16434430138444986,0.0296582380145112,-0.13947321580808608,0.13468606336993866,0.16913145382259728,0.3038175171925359,73.98152122018591,153.60564543211234,125.52943325970675,0.3038175171925356,0.06772173559249497,0.8510164281029304,1.2952312605553526,0.1030712287822655,0.12411465564090245,0.12814716512541496,0.12651952497452848,2190.884129171908,"[0.         0.         0.         0.         0.         0.
 0.46079864 0.         0.         1.12006245 0.         0.95315468
 0.         0.83388394 0.46079864 0.         0.         0.
 0.         1.35289833 0.93211969 0.         0.         0.
 0.         0.         0.         1.35289833 0.93211969 0.
 0.45166951 0.         0.47262239 0.83388394 0.         0.74606939
 0.         0.        ]","[0.         0.         0.         0.         0.         0.
 5.04152741 0.         0.         5.43407476 0.         5.2495592
 0.         5.45491959 5.04152741 0.         0.         0.
 0.         5.08112005 5.00825698 0.         0.         0.
 0.         0.         0.         5.08112005 5.00825698 0.
 5.68864573 0.         5.64880443 5.45491959 0.         5.93586805
 0.         0.        ]","[0.71882474 0.7203188  1.09553973 1.12006245 1.00708051 0.74606939
 0.46079864 0.46229269 0.83751362 0.86203635 0.74905441 0.48804328
 0.95166062 0.95315468 1.32837561 1.35289833 1.23991639 0.97890527
 0.64386392 0.64535797 1.0205789  1.04510163 0.93211969 0.67110857
 0.45166951 0.45316356 0.82838449 0.85290722 0.73992528 0.47891415
 0.47112833 0.47262239 0.84784332 0.87236604 0.7593841  0.49837298
 0.45716895 0.45866301 0.83388394 0.85840666 0.74542472 0.4844136 ]","[15.5911599  15.03183433  8.79140754  5.43407476 19.73883254  5.93586805
  5.04152741 10.78479421 18.71804322 15.88179564  8.83573073 19.10294471
 15.04115094  5.2495592  10.46433522  5.08112005 19.83004751 16.12755599
 10.38281907 19.55858418 14.81956822 19.64256273  5.00825698  9.29860622
  5.68864573 13.28713417 18.77587897  9.06735196 15.07343546 12.34924843
 13.43717897  5.64880443 10.21139283 15.47980023  9.33191596 18.84259851
 18.73129457 10.42753974  5.45491959 15.28691237  9.4028941  11.36315825]","[[ 1.]
 [ 5.]
 [ 6.]
 [ 7.]
 [ 8.]
 [ 9.]
 [10.]
 [11.]
 [12.]
 [13.]
 [14.]
 [15.]
 [16.]
 [17.]
 [18.]
 [19.]
 [20.]
 [23.]]","[[ 0.00746534]
 [ 0.00230761]
 [ 0.00224893]
 [ 0.00148062]
 [-0.0016508 ]
 [-0.00223698]
 [-0.00199819]
 [-0.0030229 ]
 [-0.0068249 ]
 [-0.0036232 ]
 [-0.00200466]
 [-0.00239638]
 [-0.00261449]
 [ 0.00046094]
 [ 0.00365139]
 [ 0.0022388 ]
 [ 0.00344103]
 [ 0.00562463]]",0.007465338260264988,"[[ 1.        ]
 [ 0.30910936]
 [ 0.30124905]
 [ 0.19833226]
 [-0.22112916]
 [-0.299649  ]
 [-0.26766287]
 [-0.40492489]
 [-0.91421198]
 [-0.48533693]
 [-0.26852848]
 [-0.32100098]
 [-0.35021678]
 [ 0.06174337]
 [ 0.4891128 ]
 [ 0.29989294]
 [ 0.46093393]
 [ 0.75343304]]",24,0.9445813855922505,0.06903342029385565,0.974618495060012,1.0604248971323555,1.0397274221588662
9,9,"[[1.32308662e-01 6.51276123e-02 6.80579917e-02 2.79511982e-01
  1.60384155e-01 1.99236582e-01]
 [2.28757428e-04 4.47754583e-02 4.05441933e-02 3.89600899e-02
  3.18543955e-01 2.51041111e-01]
 [2.92219733e-02 1.05272370e-01 8.69994480e-02 7.26186023e-01
  2.65861798e-01 2.16309502e-03]
 [2.91485253e-01 5.06572374e-01 6.96340140e-02 1.03178359e-01
  1.83665299e-01 1.15439809e-01]
 [1.41101378e-01 3.64925876e-01 1.36178164e-01 8.28622016e-02
  2.78607086e-01 1.17006208e-01]
 [5.69382228e-03 4.78790564e-02 1.52313346e-02 8.50408569e-03
  3.97216786e-02 6.86947161e-02]]","[[ 0.04921857 -0.13236885 -0.04632548]
 [-0.13236885  0.02301729 -0.05422545]
 [-0.04632548 -0.05422545 -0.01680208]]","[[ 0.16915927  0.          0.        ]
 [ 0.          0.02489574  0.        ]
 [ 0.          0.         -0.13862122]]",0.16915926540810902,0.024895738861213018,-0.1386212244803016,0.144263526546896,0.1635169633415146,0.3077804898884106,70.66112772175272,156.00941017065404,129.21568441110688,0.3077804898884106,0.05901874018327558,0.7416513623356131,1.3173675404941605,0.10483277796922913,0.12419541762373844,0.12818047984618455,0.1264614198629765,2186.6128336477564,"[0.         0.         0.         0.         0.20732389 0.
 0.28233299 0.         0.         0.         0.         0.97191957
 0.         1.0162923  0.28233299 0.         0.         0.
 0.         1.31328302 0.94151812 1.05235064 0.         0.
 0.         0.         0.         1.05235064 0.94151812 0.
 0.         0.         0.49012208 0.7701822  0.         0.76310774
 0.         0.        ]","[ 0.          0.          0.          0.         11.90684007  0.
  5.08366631  0.          0.          0.          0.          5.23801555
  0.          5.22388383  5.08366631  0.          0.          0.
  0.          5.14308153  4.96330046  5.09513532  0.          0.
  0.          0.          0.          5.09513532  4.96330046  0.
  0.          0.          5.64657312  5.49320664  0.          9.35239655
  0.          0.        ]","[0.20732389 0.28233299 0.42261353 0.72791865 0.76397699 0.6877241
 0.50931371 0.75662992 0.83163903 0.97191957 1.27722468 1.31328302
 1.23703013 1.05861975 0.46111791 0.53612702 0.67640756 0.98171267
 1.01777101 0.94151812 0.76310774 0.49569754 0.57070664 0.71098718
 1.0162923  1.05235064 0.97609775 0.79768736 0.27483244 0.34984155
 0.49012208 0.7954272  0.83148554 0.75523265 0.57682226 0.24958744
 0.32459655 0.46487709 0.7701822  0.80624054 0.72998765 0.55157727]","[11.90684007  5.08366631 10.75488717 18.65061173 15.92510653  8.80511433
 19.17145552 12.10109311 15.11373625  5.23801555 10.42479577  5.14308153
 19.81963992 16.17081028 12.21934163 10.34932942 19.56720805 14.84084329
 19.73313394  4.96330046  9.35239655 12.27536024 19.47575422 10.52953983
  5.22388383  5.09513532 19.85598822  9.59347463 19.65025031 13.47025068
  5.64657312 10.18101031 15.50745079  9.35914156 18.80393004 19.58905412
 18.74304127 10.3926766   5.49320664 15.36916934  9.41605724 11.3460899 ]","[[ 0.]
 [ 1.]
 [ 5.]
 [ 6.]
 [ 7.]
 [ 8.]
 [ 9.]
 [10.]
 [11.]
 [12.]
 [13.]
 [14.]
 [15.]
 [16.]
 [17.]
 [18.]
 [19.]
 [20.]
 [23.]]","[[ 0.00758488]
 [ 0.00758488]
 [ 0.00238773]
 [ 0.00221615]
 [ 0.00145687]
 [-0.00146094]
 [-0.00226089]
 [-0.00213471]
 [-0.0029078 ]
 [-0.00676618]
 [-0.00397757]
 [-0.00201123]
 [-0.00230171]
 [-0.00264989]
 [ 0.00015673]
 [ 0.00350491]
 [ 0.00232819]
 [ 0.00353163]
 [ 0.00563439]]",0.007584881311271795,"[[ 1.        ]
 [ 1.        ]
 [ 0.31480113]
 [ 0.2921793 ]
 [ 0.19207592]
 [-0.19261155]
 [-0.2980788 ]
 [-0.28144261]
 [-0.38336766]
 [-0.89206161]
 [-0.52440723]
 [-0.26516334]
 [-0.30345981]
 [-0.34936428]
 [ 0.02066358]
 [ 0.46209218]
 [ 0.30695106]
 [ 0.46561482]
 [ 0.74284469]]",27,0.9334944371471358,-0.03115611324748576,0.9748516418917552,1.0468246921724584,0.9436181725307207
10,10,"[[0.1331217  0.06904833 0.09357036 0.4378419  0.10030152 0.21414747]
 [0.01273376 0.04339141 0.05693175 0.01704189 0.16662999 0.29623584]
 [0.03255269 0.15119599 0.10358382 0.7120847  0.24403821 0.02249893]
 [0.27461182 0.50675616 0.15783825 0.0859315  0.24104602 0.1782525 ]
 [0.00969417 0.43347378 0.2230584  0.05599441 0.28540045 0.13063115]
 [0.12788315 0.1117497  0.05623265 0.06958329 0.00740413 0.07776459]]","[[ 0.0629023  -0.139637   -0.06158244]
 [-0.139637    0.01546852 -0.054441  ]
 [-0.06158244 -0.054441   -0.01344147]]","[[ 0.18164991  0.          0.        ]
 [ 0.          0.03404518  0.        ]
 [ 0.          0.         -0.15076573]]",0.18164990678938742,0.03404517833863108,-0.1507657338460037,0.14760472845075634,0.18481091218463477,0.3324156406353911,67.60014673575574,157.93692121636533,137.6796021510867,0.33241564063539086,0.05572903930860438,0.7003117619341133,1.3548630054729465,0.10781657226668054,0.12455232361625487,0.1289151788965523,0.12648492367576594,2167.869359843551,"[0.         0.         0.         0.         0.20846589 0.
 0.         1.14320431 0.         0.         0.         0.87867866
 0.         0.99369644 0.         0.         0.         0.
 0.         0.87867866 0.7073725  0.99369644 0.         0.
 0.         0.         0.         0.         0.7073725  0.
 0.20846589 0.         0.         0.83686935 0.         0.6280275
 0.         0.        ]","[0.         0.         0.         0.         3.86757838 0.
 0.         5.22152065 0.         0.         0.         5.06733026
 0.         5.25098763 0.         0.         0.         0.
 0.         5.06733026 4.87775461 5.25098763 0.         0.
 0.         0.         0.         0.         4.87775461 0.
 3.86757838 0.         0.         5.49688013 0.         9.39873585
 0.         0.        ]","[0.65259559 1.14320431 0.87867866 1.12477526 0.95862841 0.8792834
 0.40133968 0.89194841 0.62742276 0.87351935 0.7073725  0.6280275
 0.52151677 1.01212549 0.74759985 0.99369644 0.82754959 0.74820459
 0.20846589 0.69907461 0.43454896 0.68064556 0.51449871 0.4351537
 0.36468968 0.85529841 0.59077276 0.83686935 0.6707225  0.5913775 ]","[12.04867627  5.22152065  5.06733026 10.45212123 19.76081996 16.21455921
 12.15625218 19.21250845 19.50627129 14.80322832  4.87775461  9.39873585
 12.26569899 10.22008697 10.48525028  5.25098763 19.91390639  9.60278456
  3.86757838  5.38518922 13.1688909  18.68670724 15.01207688 12.29343942
 19.46566312 18.68302427 10.44759277  5.49688013  9.46647196 11.28495979]","[[ 0.]
 [ 1.]
 [ 5.]
 [ 6.]
 [ 7.]
 [ 8.]
 [ 9.]
 [10.]
 [11.]
 [12.]
 [13.]
 [14.]
 [15.]
 [16.]
 [17.]
 [18.]
 [19.]
 [20.]
 [23.]]","[[ 0.00895423]
 [ 0.00895423]
 [ 0.002856  ]
 [ 0.00267406]
 [ 0.00156177]
 [-0.00195222]
 [-0.00238223]
 [-0.00259706]
 [-0.00364917]
 [-0.00800656]
 [-0.0042698 ]
 [-0.00245344]
 [-0.0027336 ]
 [-0.00296629]
 [ 0.00033666]
 [ 0.00403371]
 [ 0.00261725]
 [ 0.00429075]
 [ 0.0072058 ]]",0.008954228720862649,"[[ 1.        ]
 [ 1.        ]
 [ 0.31895527]
 [ 0.29863691]
 [ 0.17441673]
 [-0.21802217]
 [-0.2660447 ]
 [-0.29003683]
 [-0.40753639]
 [-0.89416573]
 [-0.47684721]
 [-0.27399759]
 [-0.30528606]
 [-0.33127209]
 [ 0.03759777]
 [ 0.45048103]
 [ 0.29229195]
 [ 0.4791875 ]
 [ 0.80473708]]",30,0.9131216440561548,-0.018542650279263315,0.9722049621732304,1.001549648548026,0.8846223813508152
11,11,"[[0.11251761 0.02547723 0.06383179 0.45577994 0.15804291 0.20597534]
 [0.03060511 0.01945581 0.08923723 0.05320935 0.26732577 0.33248146]
 [0.0288907  0.13420617 0.09726218 0.74090522 0.24804631 0.00191188]
 [0.32704305 0.58505544 0.13360572 0.11016919 0.1893193  0.16742454]
 [0.11004367 0.27127826 0.22062378 0.08384843 0.21320742 0.05485235]
 [0.05155402 0.03934421 0.0062298  0.04007991 0.00116775 0.07772058]]","[[ 0.06554807 -0.15092444 -0.05604895]
 [-0.15092444  0.00311707 -0.05719982]
 [-0.05604895 -0.05719982  0.0027744 ]]","[[ 0.18877729  0.          0.        ]
 [ 0.          0.04177016  0.        ]
 [ 0.          0.         -0.15910791]]",0.18877729415052658,0.04177016153940388,-0.15910791435528968,0.1470071326111227,0.20087807589469356,0.3478852085058163,67.84673024860409,159.21530597288822,134.38411206521005,0.34788520850581683,0.04691805932173025,0.5895897219433515,1.086266682847393,0.08644235604559938,0.1249241349337822,0.128166279879782,0.1267370647806768,2148.570245211353,"[0.         0.         0.         0.         0.16799232 0.
 0.16799232 0.         0.         0.86879516 0.         1.02050836
 0.         0.55207789 0.         0.         0.         0.
 0.         1.02050836 0.82778571 0.         0.         0.
 0.         0.         0.         1.18597488 0.82778571 0.
 0.         0.         0.60928541 0.55207789 0.         0.60807762
 0.         0.        ]","[0.         0.         0.         0.         7.83908067 0.
 7.83908067 0.         0.         5.39593963 0.         5.10498728
 0.         5.50366362 0.         0.         0.         0.
 0.         5.10498728 4.88074539 0.         0.         0.
 0.         0.         0.         5.14686716 4.88074539 0.
 0.         0.         5.67657728 5.50366362 0.         5.99615289
 0.         0.        ]","[0.16799232 0.45815283 0.48703911 0.62361935 0.5294496  0.36290181
 0.41316812 0.70332864 0.73221492 0.86879516 0.77462541 0.60807762
 0.73034785 1.02050836 1.04939464 1.18597488 1.09180513 0.92525734
 0.46632843 0.75648894 0.78537522 0.92195546 0.82778571 0.66123792
 0.31912489 0.60928541 0.63817169 0.77475193 0.68058218 0.51403439
 0.2330311  0.52319161 0.55207789 0.68865813 0.59448838 0.42794059]","[ 7.83908067 14.99357068 23.3865864  14.76134873  9.45976142 14.42018898
  7.85780935 14.91200504  8.52892752  5.39593963 19.76674323  5.99615289
 11.974285    5.10498728 10.49657459  5.14686716 19.76650088 16.2020915
 12.09106814 19.4808902  14.83983295 19.72973762  4.88074539  9.38078213
 19.38045152  5.67657728 10.22249874 15.44029641  9.35801283 18.61940641
 19.31895254 10.39078143  5.50366362 15.30144275  9.42713628 11.12374281]","[[ 0.]
 [ 1.]
 [ 5.]
 [ 6.]
 [ 7.]
 [ 8.]
 [ 9.]
 [10.]
 [11.]
 [12.]
 [13.]
 [14.]
 [15.]
 [16.]
 [17.]
 [18.]
 [19.]
 [20.]
 [23.]]","[[ 0.00992237]
 [ 0.00992237]
 [ 0.00319174]
 [ 0.00314463]
 [ 0.00121976]
 [-0.00241784]
 [-0.00239311]
 [-0.00279831]
 [-0.00449664]
 [-0.00900442]
 [-0.0040934 ]
 [-0.0027907 ]
 [-0.00317509]
 [-0.00308348]
 [ 0.00095425]
 [ 0.00417804]
 [ 0.00285277]
 [ 0.00501018]
 [ 0.00818421]]",0.009922374219273465,"[[ 1.        ]
 [ 1.        ]
 [ 0.32167066]
 [ 0.31692329]
 [ 0.12293063]
 [-0.24367552]
 [-0.2411827 ]
 [-0.28202049]
 [-0.45318168]
 [-0.90748655]
 [-0.41254238]
 [-0.28125341]
 [-0.31999279]
 [-0.31076068]
 [ 0.09617151]
 [ 0.42107257]
 [ 0.28750907]
 [ 0.50493788]
 [ 0.82482332]]",33,0.8839713502009539,0.012504571104513744,0.9695186606322389,0.9105917223262033,0.859831791294226
12,12,"[[0.11380346 0.0269982  0.07649215 0.30837824 0.17572283 0.24686672]
 [0.00848376 0.01984725 0.05385135 0.01733594 0.1496898  0.29430361]
 [0.06920858 0.1208836  0.07838297 0.82480207 0.28887891 0.05288366]
 [0.29981932 0.48880624 0.13822114 0.14616236 0.06302945 0.07320293]
 [0.00673251 0.21269097 0.17017139 0.08842889 0.21482611 0.09589982]
 [0.14614533 0.01828904 0.03236679 0.01107142 0.00625773 0.05445029]]","[[ 0.06159896 -0.15031271 -0.05624737]
 [-0.15031271 -0.01380954 -0.05169527]
 [-0.05624737 -0.05169527  0.02305982]]","[[ 0.17999987  0.          0.        ]
 [ 0.          0.05270973  0.        ]
 [ 0.          0.         -0.16186036]]",0.17999987323791625,0.05270972992318276,-0.16186036157074923,0.12729014331473348,0.214570091493932,0.34186023480866545,69.00253179167235,160.40540048793918,134.81829559604347,0.34186023480866545,0.03779059180809551,0.47489058239649395,0.9538021498849183,0.0759011634429308,0.12483146206555286,0.1281365510643871,0.1263384481528367,2153.358990443955,"[0.         0.         0.         0.         0.         0.
 0.83786962 0.         0.84183476 0.         0.         0.
 0.         0.         0.         0.         0.         0.
 0.83786962 0.         0.96070592 0.59556193 0.         0.
 0.         0.         0.         0.59556193 0.96070592 0.
 0.48974354 0.5009759  0.         0.         0.         0.
 0.         0.48262212]","[0.         0.         0.         0.         0.         0.
 5.12127028 0.         5.24228219 0.         0.         0.
 0.         0.         0.         0.         0.         0.
 5.12127028 0.         5.08165721 4.89093993 0.         0.
 0.         0.         0.         4.89093993 5.08165721 0.
 5.64519305 5.49714214 0.         0.         0.         0.
 0.         9.34519017]","[0.83786962 0.89851887 0.88291477 1.01739004 0.76997496 0.7811855
 0.84183476 0.82623065 0.96070592 0.71329084 0.55051678 0.61116604
 0.59556193 0.7300372  0.48262212 0.48974354 0.55039279 0.53478869
 0.66926395 0.42184887 0.44032664 0.5009759  0.48537179 0.61984706
 0.37243198]","[ 5.12127028 10.43646743 19.77920768  5.14807653 16.20391239 10.48571658
  5.24228219 19.91889426  5.08165721  9.62590019 19.44830079 14.77615796
  4.89093993 19.69699109  9.34519017  5.64519305 10.28709844  9.36921418
 15.33692027 18.71420106 10.4299867   5.49714214  9.43258419 15.27879609
 11.16387949]","[[ 0.]
 [ 1.]
 [ 5.]
 [ 6.]
 [ 7.]
 [ 8.]
 [ 9.]
 [10.]
 [11.]
 [12.]
 [13.]
 [14.]
 [15.]
 [16.]
 [17.]
 [18.]
 [19.]
 [20.]
 [23.]]","[[ 0.00987217]
 [ 0.00987217]
 [ 0.00318238]
 [ 0.00328008]
 [ 0.00105614]
 [-0.00284658]
 [-0.00221496]
 [-0.00250084]
 [-0.00473101]
 [-0.00943809]
 [-0.00356262]
 [-0.00260737]
 [-0.00338482]
 [-0.00311671]
 [ 0.00119878]
 [ 0.00447007]
 [ 0.00293892]
 [ 0.00500167]
 [ 0.00863057]]",0.009872172755058408,"[[ 1.        ]
 [ 1.        ]
 [ 0.32235907]
 [ 0.33225512]
 [ 0.10698114]
 [-0.28834343]
 [-0.2243637 ]
 [-0.25332203]
 [-0.47922672]
 [-0.95602972]
 [-0.36087494]
 [-0.26411264]
 [-0.34286497]
 [-0.31570665]
 [ 0.12142989]
 [ 0.4527948 ]
 [ 0.29769718]
 [ 0.50664327]
 [ 0.87423249]]",36,0.8606886862112954,0.0830692916205471,0.9727378807389545,0.897851120465733,0.7872661002663591
13,13,"[[1.28097880e-01 1.27484727e-02 6.96909821e-02 5.19107070e-01
  2.66810957e-01 1.67180967e-01]
 [3.40861633e-03 2.52158518e-02 3.44340634e-02 1.64684425e-01
  6.11185897e-03 2.02841047e-01]
 [2.83035590e-02 1.35413846e-01 9.17642363e-02 7.11494261e-01
  2.19278192e-01 3.23703938e-03]
 [8.49576466e-02 4.70582200e-01 2.61677700e-01 1.41808373e-01
  1.02643527e-01 1.09867493e-01]
 [1.21255042e-02 3.53098123e-01 2.43810100e-01 4.31316451e-02
  2.16898475e-01 1.04978417e-01]
 [1.85777308e-01 1.86066367e-01 4.41026617e-02 6.43791444e-04
  1.13301780e-02 7.33214102e-02]]","[[ 0.07453806 -0.15058007 -0.07235312]
 [-0.15058007 -0.01394549 -0.05042111]
 [-0.07235312 -0.05042111  0.01620576]]","[[ 0.19222674  0.          0.        ]
 [ 0.          0.05022855  0.        ]
 [ 0.          0.         -0.16565698]]",0.19222674310138896,0.05022855432071463,-0.16565697556733092,0.14199818878067433,0.21588552988804555,0.3578837186687199,65.95485785322269,160.8418960832386,143.79640691626986,0.3578837186687196,0.03891310034921347,0.4889964407419658,1.1594043418555398,0.0922624660242574,0.12454290225641888,0.12787469990230563,0.1261059955636163,2168.3613787871686,"[0.         0.         0.         0.         0.         0.29153635
 0.         0.         0.         0.         1.00726351 0.45659211
 0.         0.         0.         0.         0.         0.
 0.81968266 0.         0.59270308 0.62063083 0.         0.
 0.         0.         0.81968266 0.62063083 0.         0.56481638
 0.42166653 0.45894854 0.         0.         0.42166653 0.
 0.         0.61700037]","[0.         0.         0.         0.         0.         7.89526038
 0.         0.         0.         0.         5.25523709 5.61299205
 0.         0.         0.         0.         0.         0.
 5.06733371 0.         5.0827483  4.78712023 0.         0.
 0.         0.         5.06733371 4.78712023 0.         4.86418152
 4.62009637 9.40890221 0.         0.         4.62009637 0.
 0.         9.39466473]","[0.29153635 0.63961693 0.45203608 0.51240656 0.45659211 0.4874208
 0.5087761  0.65918294 1.00726351 0.81968266 0.88005315 0.82423869
 0.85506738 0.87642269 0.43220336 0.78028394 0.59270308 0.65307357
 0.59725911 0.62808781 0.64944311 0.39976062 0.7478412  0.56026035
 0.62063083 0.56481638 0.59564507 0.61700037 0.22578209 0.57386266
 0.38628181 0.4466523  0.39083784 0.42166653 0.44302184 0.29844881
 0.64652939 0.45894854 0.51931902 0.46350457 0.49433326 0.51568856]","[ 7.89526038 10.40599535 19.90622634  9.54695843  5.61299205  9.94036279
 14.51707094 12.04650235  5.25523709  5.06733371 19.89681969 19.90592716
  9.61489076 16.39754631 12.17374007 10.38780757  5.0827483  19.92540898
 20.06999339 16.10776914  9.59432853 12.09922439 19.14282509 19.86166797
  4.78712023  4.86418152 15.65178599  9.39466473 19.31412578 13.19237525
  9.35527387  9.36685731 14.87816439  4.62009637 18.73895573 19.38455513
 18.74422065  9.40890221  9.44779594 15.04556541 12.48641383 11.22147626]","[[ 5.]
 [ 6.]
 [ 7.]
 [ 8.]
 [ 9.]
 [10.]
 [11.]
 [12.]
 [13.]
 [14.]
 [15.]
 [16.]
 [17.]
 [18.]
 [19.]
 [20.]
 [23.]]","[[ 0.00346455]
 [ 0.00341216]
 [ 0.00102047]
 [-0.0029416 ]
 [-0.002415  ]
 [-0.00284243]
 [-0.00480687]
 [-0.00998761]
 [-0.0042443 ]
 [-0.00296145]
 [-0.00335757]
 [-0.00342626]
 [ 0.00116612]
 [ 0.00487699]
 [ 0.00314615]
 [ 0.00493541]
 [ 0.00963021]]",0.010681557131752612,"[[ 0.32434871]
 [ 0.31944409]
 [ 0.09553591]
 [-0.27539029]
 [-0.22609032]
 [-0.26610596]
 [-0.45001553]
 [-0.9350335 ]
 [-0.39734862]
 [-0.27724847]
 [-0.31433354]
 [-0.32076454]
 [ 0.10917167]
 [ 0.45658004]
 [ 0.29454048]
 [ 0.46204925]
 [ 0.901574  ]]",39,0.8461562243479942,0.1071699754564069,0.9789837446822774,0.8481636880626497,0.729066924072603
14,14,"[[0.13449458 0.02808472 0.08731303 0.5828289  0.16743866 0.0872674 ]
 [0.02163515 0.03154153 0.02562635 0.21364021 0.06041723 0.18306884]
 [0.03124896 0.12324435 0.09521302 0.69478936 0.25522465 0.01742015]
 [0.01964673 0.35175474 0.36880714 0.17237689 0.05286239 0.1082465 ]
 [0.00499743 0.36034802 0.24531481 0.05284631 0.21648904 0.11193143]
 [0.14099252 0.23616458 0.0242651  0.04259091 0.00585293 0.06881782]]","[[ 0.07859258 -0.14624936 -0.07269821]
 [-0.14624936 -0.01999071 -0.04149387]
 [-0.07269821 -0.04149387  0.01396633]]","[[ 0.19126856  0.          0.        ]
 [ 0.          0.04048526  0.        ]
 [ 0.          0.         -0.15918561]]",0.1912685562787605,0.04048525917342066,-0.15918560718276775,0.15078329710533983,0.19967086635618841,0.35045416346152825,64.30248843723074,162.51921429820123,148.94225472801966,0.35045416346152836,0.0337067616029847,0.42357165851295697,1.0599692610401767,0.08434967371000385,0.12444899190689868,0.12758563379274532,0.1258511172647978,2173.2738800316374,"[0.         0.47502432 0.         0.         0.         0.
 0.         0.         0.53883572 0.50196862 1.03653121 0.36178575
 0.         0.         0.         0.         0.         0.
 1.03653121 0.         0.         0.47502432 0.         0.
 0.         0.         0.         0.         0.         0.
 0.43321081 0.53883572 0.         0.         0.43321081 0.
 0.         0.52457325]","[0.         3.72094262 0.         0.         0.         0.
 0.         0.         5.59817757 4.97363144 5.29549988 7.29132701
 0.         0.         0.         0.         0.         0.
 5.29549988 0.         0.         3.72094262 0.         0.
 0.         0.         0.         0.         0.         0.
 4.62933808 5.59817757 0.         0.         4.62933808 0.
 0.         9.38856924]","[0.36178575 0.3773794  0.38873006 0.62627585 0.39650645 0.41133468
 0.77204111 0.78763476 0.79898542 1.03653121 0.80676181 0.82159004
 0.47502432 0.49061797 0.50196862 0.73951442 0.50974501 0.52457325
 0.39849012 0.41408377 0.42543442 0.66298022 0.43321081 0.44803905
 0.52324207 0.53883572 0.55018637 0.78773217 0.55796276 0.572791  ]","[ 7.29132701 23.62874873 14.34091158 10.40148118  9.97339176 14.50447041
 21.96517831 10.41957734 19.61490558  5.29549988  9.62458352 16.40955777
  3.72094262 14.8275285   4.97363144 19.13747758 15.6533237   9.38856924
 12.03236761 10.30051042 10.66745659 13.2378134   4.62933808 18.77612035
 12.16325134  5.59817757  5.84680791 18.7878389  12.49344394 11.30160925]","[[ 0.]
 [ 1.]
 [ 5.]
 [ 6.]
 [ 7.]
 [ 8.]
 [ 9.]
 [10.]
 [11.]
 [12.]
 [13.]
 [14.]
 [15.]
 [16.]
 [17.]
 [18.]
 [19.]
 [20.]
 [23.]]","[[ 0.01003811]
 [ 0.01003811]
 [ 0.0032374 ]
 [ 0.00301824]
 [ 0.00122512]
 [-0.00238344]
 [-0.00247702]
 [-0.00280514]
 [-0.00418804]
 [-0.00897314]
 [-0.00450279]
 [-0.00279963]
 [-0.00312093]
 [-0.00328612]
 [ 0.00084245]
 [ 0.00450816]
 [ 0.00283623]
 [ 0.00462824]
 [ 0.00873735]]",0.010038107613739798,"[[ 1.        ]
 [ 1.        ]
 [ 0.32251109]
 [ 0.30067866]
 [ 0.12204694]
 [-0.23743904]
 [-0.2467617 ]
 [-0.27944912]
 [-0.41721449]
 [-0.89390733]
 [-0.44856916]
 [-0.27890035]
 [-0.310908  ]
 [-0.32736468]
 [ 0.08392496]
 [ 0.44910423]
 [ 0.28254644]
 [ 0.46106676]
 [ 0.87041805]]",42,0.8202534106629085,0.16209520014836362,0.9767521875355564,0.8420638553121282,0.6904038266644962
15,15,"[[0.12590709 0.02402565 0.08865875 0.53718147 0.19357971 0.10571202]
 [0.00184228 0.01686227 0.03251399 0.15008041 0.00875792 0.26590219]
 [0.04757598 0.08725104 0.08862048 0.65155769 0.28229275 0.05300433]
 [0.22531305 0.34733867 0.20782644 0.16833497 0.01354625 0.05796322]
 [0.01094071 0.22689926 0.25077292 0.12481034 0.18861463 0.11513463]
 [0.12422496 0.1544659  0.01097941 0.0042     0.06394031 0.056843  ]]","[[ 0.08175405 -0.14878211 -0.06563664]
 [-0.14878211 -0.03237435 -0.05125433]
 [-0.06563664 -0.05125433  0.02742683]]","[[ 0.18847405  0.          0.        ]
 [ 0.          0.05567713  0.        ]
 [ 0.          0.         -0.16734464]]",0.18847404687119276,0.05567713494329393,-0.16734464288436404,0.13279691192789883,0.22302177782765797,0.3558186897555568,63.30949731841963,157.8311087553682,138.47023372052664,0.35581868975555686,0.034484976668771455,0.4333509974473113,0.9787124091962998,0.07788345889448443,0.1246964866530293,0.1278770234731436,0.12613355524757366,2160.3591533674858,"[0.         0.59701415 0.         0.         0.         0.
 0.86333875 0.         0.         0.         0.94887211 0.48619802
 0.         0.         0.         0.         0.         0.
 0.86333875 0.         0.         0.59701415 0.         0.
 0.         0.         0.         0.         0.         0.
 0.5180841  0.41960205 0.         0.         0.         0.
 0.         0.61065745]","[ 0.          3.77430244  0.          0.          0.          0.
  5.09732115  0.          0.          0.          5.19939733  7.29429519
  0.          0.          0.          0.          0.          0.
  5.09732115  0.          0.          3.77430244  0.          0.
  0.          0.          0.          0.          0.          0.
  5.65155406 10.4614774   0.          0.          0.          0.
  0.          9.41358217]","[0.48619802 0.5148232  0.60035656 0.49984131 0.83471357 0.86333875
 0.94887211 0.84835686 0.59701415 0.62563934 0.7111727  0.61065745
 0.48945892 0.5180841  0.60361746 0.50310221 0.39097687 0.41960205
 0.50513541 0.40462016]","[ 7.29429519 15.0428415  10.42610898 14.51169345 21.89098217  5.09732115
  5.19939733 16.29915436  3.77430244 19.40764532 19.15308535  9.41358217
 12.04993703  5.65155406 13.13017262 18.75775596 12.09407669 10.4614774
 18.61806772 11.17255817]","[[ 0.]
 [ 1.]
 [ 5.]
 [ 6.]
 [ 7.]
 [ 8.]
 [ 9.]
 [10.]
 [11.]
 [12.]
 [13.]
 [14.]
 [15.]
 [16.]
 [17.]
 [18.]
 [19.]
 [20.]
 [23.]
 [24.]]","[[ 0.01070694]
 [ 0.01070694]
 [ 0.00354043]
 [ 0.00349644]
 [ 0.00088033]
 [-0.00312513]
 [-0.00235056]
 [-0.00280482]
 [-0.00511793]
 [-0.01010289]
 [-0.00372108]
 [-0.00299621]
 [-0.00360021]
 [-0.00341754]
 [ 0.00167433]
 [ 0.00487869]
 [ 0.00312554]
 [ 0.00517409]
 [ 0.00963824]
 [ 0.01069321]]",0.010706942491117762,"[[ 1.        ]
 [ 1.        ]
 [ 0.33066705]
 [ 0.32655848]
 [ 0.0822201 ]
 [-0.29187914]
 [-0.21953614]
 [-0.26196275]
 [-0.47800097]
 [-0.94358295]
 [-0.34753912]
 [-0.27983828]
 [-0.33624989]
 [-0.31918934]
 [ 0.15637796]
 [ 0.45565642]
 [ 0.29191669]
 [ 0.48324591]
 [ 0.90018568]
 [ 0.99871732]]",45,0.7937308865661729,0.2317108905958078,0.9792410678334245,0.8317972437297201,0.6545281087999598
16,16,"[[0.14022873 0.03323804 0.0949267  0.6497314  0.14670662 0.02445217]
 [0.03712763 0.01248071 0.02956598 0.34019943 0.11845074 0.12932964]
 [0.06405263 0.12055718 0.11145453 0.63131321 0.19509722 0.09273476]
 [0.01349221 0.34800021 0.35867233 0.14846152 0.02508388 0.03248218]
 [0.17630225 0.25585112 0.28258995 0.08900575 0.18884172 0.11715639]
 [0.22968266 0.3169279  0.01990864 0.0098627  0.02193165 0.06279282]]","[[ 0.08176283 -0.14560741 -0.0832737 ]
 [-0.14560741 -0.04183746 -0.03707527]
 [-0.0832737  -0.03707527  0.0391754 ]]","[[ 0.19545304  0.          0.        ]
 [ 0.          0.05141545  0.        ]
 [ 0.          0.         -0.16776772]]",0.1954530432917609,0.05141544958912603,-0.1677677223458173,0.14403759370263486,0.21918317193494333,0.3632207656375782,64.01336809307638,158.99732727545148,147.06817260060663,0.36322076563757794,0.028308905579425583,0.35574019919796207,0.9964992105953847,0.07929888757671354,0.1245791866505492,0.12762811246621802,0.12587213605982106,2166.467287938501,"[0.         0.50039347 0.         0.         0.         0.
 0.         0.         0.         0.58619954 0.96993844 0.50039347
 0.         0.         0.96993844 0.         0.63478929 0.58619954
 0.         0.         0.         0.         0.         0.
 0.         0.         0.76064498 0.         0.         0.
 0.4159925  0.48703846 0.         0.51966466 0.4159925  0.
 0.         0.        ]","[0.         7.2586297  0.         0.         0.         0.
 0.         0.         0.         5.0510308  4.79579438 7.2586297
 0.         0.         4.79579438 0.         8.25032092 5.0510308
 0.         0.         0.         0.         0.         0.
 0.         0.         8.97653984 0.         0.         0.
 4.64986501 5.85433573 0.         8.29272255 4.64986501 0.
 0.         0.        ]","[0.50039347 0.4734345  0.72108746 0.52202425 0.511794   0.44193348
 0.74924445 0.72228548 0.96993844 0.77087523 0.76064498 0.69078446
 0.61315852 0.58619954 0.8338525  0.63478929 0.62455904 0.55469852
 0.47445249 0.44749352 0.69514648 0.49608327 0.48585302 0.4159925
 0.51399743 0.48703846 0.73469142 0.53562821 0.52539796 0.45553744
 0.49803389 0.47107491 0.71872787 0.51966466 0.50943441 0.43957389]","[ 7.2586297  14.26736607 10.39220433 19.09016637 19.89830622  9.97955292
 17.19761046 19.2097075   4.79579438 17.71633329  8.97653984  5.41737246
  8.8661115   5.0510308  18.76159593  8.25032092 16.16528817 19.15495712
 12.03866737 10.70363787 13.20970185 14.73096198  9.33033267  4.64986501
 12.1093009   5.85433573 18.71566706  8.25393023  9.39359006 12.54071624
 12.21770465 13.3672679  10.29673725  8.29272255 15.49975383 18.73275825]","[[ 0.]
 [ 1.]
 [ 5.]
 [ 6.]
 [ 7.]
 [ 8.]
 [ 9.]
 [10.]
 [11.]
 [12.]
 [13.]
 [14.]
 [15.]
 [16.]
 [17.]
 [18.]
 [19.]
 [20.]
 [23.]]","[[ 0.01100193]
 [ 0.01100193]
 [ 0.00358521]
 [ 0.00340762]
 [ 0.00094703]
 [-0.00297529]
 [-0.00247339]
 [-0.00302136]
 [-0.00489515]
 [-0.01010143]
 [-0.00414902]
 [-0.00312128]
 [-0.00358502]
 [-0.00343269]
 [ 0.00153188]
 [ 0.00503611]
 [ 0.00319336]
 [ 0.00504067]
 [ 0.01025595]]",0.011001931441041982,"[[ 1.        ]
 [ 1.        ]
 [ 0.32587141]
 [ 0.30972898]
 [ 0.08607826]
 [-0.27043377]
 [-0.22481451]
 [-0.27462103]
 [-0.44493521]
 [-0.91815029]
 [-0.37711733]
 [-0.28370327]
 [-0.32585403]
 [-0.31200794]
 [ 0.13923752]
 [ 0.45774816]
 [ 0.29025418]
 [ 0.45816211]
 [ 0.93219523]]",48,0.7797899636698482,0.3035501356414628,0.9671825895203628,0.8357084060877958,0.7447741566627462
17,17,"[[0.13611568 0.01590496 0.14246889 0.60546198 0.20613152 0.02590539]
 [0.00302642 0.01788249 0.0109777  0.3059471  0.13196372 0.15217735]
 [0.04913133 0.15414518 0.10113117 0.72488602 0.20674489 0.10220635]
 [0.02937548 0.36948611 0.31366127 0.23022221 0.09753717 0.01435133]
 [0.07594068 0.24469027 0.30413134 0.14355145 0.17014549 0.09147083]
 [0.15988542 0.24154996 0.06909812 0.0182673  0.00876278 0.05276709]]","[[ 0.10139407 -0.14679114 -0.07545298]
 [-0.14679114 -0.052429   -0.03470924]
 [-0.07545298 -0.03470924  0.03109577]]","[[ 0.20384976  0.          0.        ]
 [ 0.          0.04219919  0.        ]
 [ 0.          0.         -0.16598811]]",0.20384976083133982,0.04219918824149943,-0.1659881122448536,0.1616505725898404,0.20818730048635303,0.3698378730761934,58.436288687534095,156.8124165320837,148.29969586433347,0.36983787307619326,0.029803166707054067,0.37451763832237184,0.945010120012233,0.07520151593590606,0.12509656912393435,0.12770606221824207,0.12649752241340217,2139.6976632129195,"[0.         0.         0.         0.         0.         0.
 0.         0.         0.         0.50929147 0.91758888 0.65068468
 0.         0.         0.         0.         0.         0.
 0.91738187 0.         0.         0.61429287 0.         0.
 0.         0.         0.91738187 0.         0.         0.61429287
 0.45976019 0.38273967 0.         0.51206863 0.45976019 0.
 0.         0.51206863]","[0.         0.         0.         0.         0.         0.
 0.         0.         0.         4.9578751  5.25688223 5.47832351
 0.         0.         0.         0.         0.         0.
 4.9749309  0.         0.         4.86084852 0.         0.
 0.         0.         4.9749309  0.         0.         4.86084852
 4.64169908 5.81609137 0.         4.5927416  4.64169908 0.
 0.         4.5927416 ]","[0.54568328 0.72464128 0.72443427 0.65068468 0.56477251 0.5896811
 0.73863089 0.91758888 0.91738187 0.84363229 0.75772011 0.78262871
 0.50929147 0.68824947 0.68804245 0.61429287 0.52838069 0.55328929
 0.44067097 0.61962897 0.61942195 0.54567237 0.45976019 0.48466879
 0.38273967 0.56169767 0.56149066 0.48774107 0.4018289  0.42673749
 0.46807081 0.6470288  0.64682179 0.57307221 0.48716003 0.51206863]","[14.21376701 10.44333057 19.85263766  5.47832351  9.95733027 14.48310047
 19.47568529  5.25688223  4.9749309  19.80380529  9.61059288 16.31424144
  4.9578751  19.03151157 19.69901472  4.86084852 15.58794083  9.39519214
 10.67019272 13.16539823  9.27037669 14.83266155  4.64169908 18.66889606
  5.81609137 18.63007751  9.30844184 14.96985162 12.45646304 11.19322673
 13.33935042 10.19029018 15.48438748  9.4681871  18.52899577  4.5927416 ]","[[ 0.]
 [ 1.]
 [ 5.]
 [ 6.]
 [ 7.]
 [ 8.]
 [ 9.]
 [10.]
 [11.]
 [12.]
 [13.]
 [14.]
 [15.]
 [16.]
 [17.]
 [18.]
 [19.]
 [20.]
 [23.]]","[[ 0.01115975]
 [ 0.01115975]
 [ 0.00348035]
 [ 0.00328757]
 [ 0.00139131]
 [-0.00258611]
 [-0.00266077]
 [-0.00328534]
 [-0.0049628 ]
 [-0.00973002]
 [-0.00448516]
 [-0.00335677]
 [-0.00352112]
 [-0.00336547]
 [ 0.00143387]
 [ 0.00462816]
 [ 0.00309661]
 [ 0.00541338]
 [ 0.0098636 ]]",0.011159754416820086,"[[ 1.        ]
 [ 1.        ]
 [ 0.31186621]
 [ 0.29459148]
 [ 0.12467222]
 [-0.23173571]
 [-0.23842513]
 [-0.29439135]
 [-0.44470477]
 [-0.87188512]
 [-0.40190477]
 [-0.30079284]
 [-0.31551987]
 [-0.30157238]
 [ 0.12848545]
 [ 0.41471842]
 [ 0.27747976]
 [ 0.48508098]
 [ 0.8838548 ]]",51,0.7466263866293836,0.2912372386530124,0.9583489707784931,0.8827082287378818,0.7006446557507846
18,18,"[[0.14431895 0.0217277  0.13617372 0.63449043 0.10801187 0.09058394]
 [0.00649444 0.03373102 0.02563017 0.30737159 0.0771098  0.05812861]
 [0.02735118 0.1506601  0.10094058 0.74834534 0.16343302 0.10192332]
 [0.10182461 0.21585418 0.50122123 0.21881579 0.00231478 0.07862095]
 [0.14052412 0.23513318 0.41895111 0.09403467 0.22170618 0.10286069]
 [0.18751544 0.29500766 0.05171092 0.06512746 0.01037435 0.07790042]]","[[ 0.09689138 -0.14567093 -0.08938534]
 [-0.14567093 -0.05088594 -0.03043466]
 [-0.08938534 -0.03043466  0.03650696]]","[[ 0.20935254  0.          0.        ]
 [ 0.          0.0407659   0.        ]
 [ 0.          0.         -0.16760605]]",0.20935253953360683,0.04076590083843612,-0.167606048158781,0.1685866386951707,0.20837194899721712,0.3769585876923878,60.45026785206251,157.8520487517626,151.99890690890734,0.37695858769238777,0.04186662422145327,0.5261115163388883,1.036050738728994,0.08244629818136458,0.12553130435066512,0.12918908051485883,0.12726597164632703,2117.5442035858705,"[0.         0.5856315  0.         0.         0.         0.
 0.         0.         0.         0.76011361 1.15212685 0.5856315
 0.         0.         1.15212685 0.         0.62735356 0.76011361
 0.         0.         0.         0.         0.         0.
 0.         0.         0.93391545 0.         0.         0.
 0.48359505 0.5760286  0.         0.61056908 0.         0.
 0.         0.        ]","[0.         7.1878711  0.         0.         0.         0.
 0.         0.         0.         4.96152674 4.83912216 7.1878711
 0.         0.         4.83912216 0.         8.24498096 4.96152674
 0.         0.         0.         0.         0.         0.
 0.         0.         8.89682857 0.         0.         0.
 9.25449772 5.82603348 0.         8.27648826 0.         0.
 0.         0.        ]","[0.5856315  0.63709091 0.82093283 0.68841588 0.60272144 0.91682551
 0.96828493 1.15212685 1.01960989 0.93391545 0.70865419 0.76011361
 0.94395553 0.81143858 0.72574413 0.46650511 0.51796453 0.70180645
 0.56928949 0.48359505 0.52456918 0.5760286  0.75987052 0.62735356
 0.54165912 0.5077847  0.55924412 0.74308604 0.61056908 0.52487464]","[ 7.1878711  14.07840413 10.35420613 18.99358198 19.84771286 17.10501192
 19.02515509  4.83912216 17.55935983  8.89682857  8.7154952   4.96152674
 18.59744538  8.27084947 16.09932774 11.95485259 10.55582741 13.2003065
 14.59961517  9.25449772 12.02540387  5.82603348 18.64372807  8.24498096
  9.37923229 12.2064305  13.27377072 10.14965557  8.27648826 15.40791587]","[[ 1.]
 [ 4.]
 [ 5.]
 [ 6.]
 [ 7.]
 [ 8.]
 [ 9.]
 [10.]
 [11.]
 [12.]
 [13.]
 [14.]
 [15.]
 [16.]
 [17.]
 [18.]
 [19.]
 [20.]
 [23.]]","[[ 0.01155657]
 [ 0.01140996]
 [ 0.00365799]
 [ 0.00340189]
 [ 0.00161132]
 [-0.00254023]
 [-0.00278658]
 [-0.00350188]
 [-0.0053008 ]
 [-0.0097703 ]
 [-0.00456921]
 [-0.00351414]
 [-0.00363016]
 [-0.0033469 ]
 [ 0.00158523]
 [ 0.0045926 ]
 [ 0.00323009]
 [ 0.00594755]
 [ 0.01001395]]",0.011556572029694881,"[[ 1.        ]
 [ 0.98731331]
 [ 0.31652909]
 [ 0.29436843]
 [ 0.13942897]
 [-0.21980825]
 [-0.2411253 ]
 [-0.30302104]
 [-0.45868264]
 [-0.84543245]
 [-0.3953772 ]
 [-0.3040816 ]
 [-0.31412042]
 [-0.28961002]
 [ 0.13717094]
 [ 0.39740187]
 [ 0.27950215]
 [ 0.51464627]
 [ 0.86651588]]",54,0.7351163130333156,0.3163378227752419,0.9566177795160398,0.9465694779639711,0.839406702704609
19,19,"[[0.13895518 0.03022565 0.13464573 0.59703512 0.1137479  0.03978178]
 [0.00807912 0.02639816 0.04735512 0.28148831 0.05685207 0.10290477]
 [0.03196745 0.16206494 0.07245356 0.7816667  0.22855518 0.14471754]
 [0.03685297 0.20344753 0.48237706 0.28334331 0.05756477 0.04475009]
 [0.13942681 0.12291477 0.37905688 0.10381852 0.2076382  0.16647485]
 [0.13856341 0.25475493 0.0475247  0.04688694 0.00344257 0.04263756]]","[[ 0.10745748 -0.15368304 -0.08017229]
 [-0.15368304 -0.06799877 -0.02395227]
 [-0.08017229 -0.02395227  0.05043722]]","[[ 0.21757654  0.          0.        ]
 [ 0.          0.0467574   0.        ]
 [ 0.          0.         -0.17443801]]",0.21757654397626752,0.04675740040192927,-0.1744380138698427,0.17081914357433825,0.22119541427177197,0.3920145578461102,58.203977381624384,154.8683359352527,145.14486188993897,0.3920145578461106,0.03742404026564354,0.47028435986477746,0.8818293552942329,0.0701737504293082,0.1250570165647474,0.128560220737525,0.12658892206814437,2141.728511786635,"[0.         0.5345818  0.         0.         0.         0.
 1.0635281  0.         0.         0.         0.97854278 0.5345818
 0.         0.50955219 0.         0.         0.595995   0.50955219
 1.0635281  0.         0.         0.         0.         0.
 0.         0.         0.         0.         0.         0.
 0.66806475 0.595995   0.         0.40969486 0.         0.
 0.         0.        ]","[0.         7.18778354 0.         0.         0.         0.
 5.11819636 0.         0.         0.         5.30216851 7.18778354
 0.         4.94662611 0.         0.         8.22963119 4.94662611
 5.11819636 0.         0.         0.         0.         0.
 0.         0.         0.         0.         0.         0.
 5.60480705 8.22963119 0.         5.88273989 0.         0.
 0.         0.        ]","[0.5345818  0.65560134 0.57061602 0.3709292  0.57060849 0.67320479
 0.79422433 0.70923901 0.50955219 0.70923148 0.94250856 1.0635281
 0.97854278 0.77885596 0.97853525 0.54704521 0.66806475 0.58307943
 0.38339261 0.5830719  0.55996831 0.68098784 0.59600253 0.39631571
 0.595995   0.57334746 0.694367   0.60938168 0.40969486 0.60937415]","[ 7.18778354 15.08183589 10.47686134  9.84020175 19.05194975  8.80702823
 18.84907586 18.68166843  4.94662611  8.32011782 22.08028584  5.11819636
  5.30216851 19.54174003 13.02006779 12.03559877  5.60480705 13.17122398
 18.56695188 14.66997224 12.12421968 10.39387685 18.65264849 13.33923336
  8.22963119 12.28954098 18.47510295 10.2209585   5.88273989  8.30527548]","[[ 0.]
 [ 4.]
 [ 5.]
 [ 6.]
 [ 7.]
 [ 8.]
 [ 9.]
 [10.]
 [11.]
 [12.]
 [13.]
 [14.]
 [15.]
 [16.]
 [17.]
 [18.]
 [19.]
 [20.]
 [23.]]","[[ 0.01257019]
 [ 0.01239389]
 [ 0.00399679]
 [ 0.00371896]
 [ 0.0010887 ]
 [-0.00305327]
 [-0.00288678]
 [-0.00355748]
 [-0.00548421]
 [-0.01083816]
 [-0.00528257]
 [-0.00365002]
 [-0.00374759]
 [-0.00378706]
 [ 0.00140738]
 [ 0.00516455]
 [ 0.00342578]
 [ 0.00579624]
 [ 0.0116269 ]]",0.01257019481380744,"[[ 1.        ]
 [ 0.9859743 ]
 [ 0.31795765]
 [ 0.29585508]
 [ 0.08661002]
 [-0.24289766]
 [-0.2296529 ]
 [-0.28300913]
 [-0.43628658]
 [-0.86221132]
 [-0.42024592]
 [-0.29037085]
 [-0.29813304]
 [-0.30127317]
 [ 0.11196145]
 [ 0.41085716]
 [ 0.27253225]
 [ 0.46110973]
 [ 0.92495786]]",57,0.6625339310863032,0.26933139526492744,0.9709479501762847,0.9988461501183058,0.8470241626565727
20,20,"[[0.15899626 0.01533298 0.14259624 0.75829058 0.08399363 0.06199097]
 [0.03021346 0.01149934 0.05873317 0.30923329 0.04503717 0.10949341]
 [0.04206336 0.17617898 0.1014835  0.77274985 0.24621965 0.13943379]
 [0.08685887 0.27614475 0.5496835  0.21261339 0.02229946 0.0977892 ]
 [0.18385278 0.14563983 0.33804298 0.07518698 0.1734379  0.10388766]
 [0.10107204 0.30030871 0.0162305  0.05192872 0.02986467 0.072587  ]]","[[ 0.11660119 -0.16394961 -0.08956435]
 [-0.16394961 -0.07089219 -0.01467888]
 [-0.08956435 -0.01467888  0.05575379]]","[[ 0.23968068  0.          0.        ]
 [ 0.          0.04261514  0.        ]
 [ 0.          0.         -0.18083303]]",0.23968067569844106,0.04261513995119112,-0.1808330282352704,0.19706553574724994,0.22344816818646152,0.42051370393371146,58.030034455422644,156.17497719689064,147.2300848561723,0.42051370393371135,0.02693052096409554,0.3384189072725938,0.867659247432174,0.0690461290741122,0.1254813845798435,0.12831919169868727,0.12671933436389166,2120.072452227944,"[0.         0.59032784 0.         0.         0.         0.
 0.92034129 0.         0.         0.         0.95016435 0.59032784
 0.73146433 0.         0.         0.         0.73146433 0.80811793
 0.92034129 0.         0.         0.         0.         0.
 0.         0.         0.         0.         0.         0.
 0.59249863 0.72764744 0.         0.         0.         0.
 0.         0.        ]","[0.         7.11986781 0.         0.         0.         0.
 5.06324909 0.         0.         0.         5.29073741 7.11986781
 4.8033001  0.         0.         0.         4.8033001  8.32902728
 5.06324909 0.         0.         0.         0.         0.
 0.         0.         0.         0.         0.         0.
 5.66322324 8.15750815 0.         0.         0.         0.
 0.         0.        ]","[0.59032784 0.60627534 0.6360984  0.68638523 0.63540694 0.65135444
 0.6811775  0.73146433 0.71206054 0.72800804 0.75783111 0.80811793
 0.90439378 0.92034129 0.95016435 1.00045118 0.57655113 0.59249863
 0.6223217  0.67260852 0.63159005 0.64753756 0.67736062 0.72764744]","[ 7.11986781 15.13864768 10.49320318 18.92805856 17.87287647 14.88567676
  9.36150677  4.8033001   8.74980601 18.80592321 18.57642043  8.32902728
 22.091617    5.06324909  5.29073741 12.96861149 11.97322502  5.66322324
 13.06647339 14.49119935 12.10904238 10.37034047 18.55056399  8.15750815]","[[ 0.]
 [ 1.]
 [ 4.]
 [ 5.]
 [ 6.]
 [ 7.]
 [ 8.]
 [ 9.]
 [10.]
 [11.]
 [12.]
 [13.]
 [14.]
 [15.]
 [16.]
 [17.]
 [18.]
 [19.]
 [20.]
 [23.]]","[[ 0.01425124]
 [ 0.01425124]
 [ 0.01370335]
 [ 0.00451178]
 [ 0.00412967]
 [ 0.00155306]
 [-0.00310066]
 [-0.00327425]
 [-0.00441462]
 [-0.00630723]
 [-0.0113067 ]
 [-0.006048  ]
 [-0.00427726]
 [-0.00407358]
 [-0.00409151]
 [ 0.00186581]
 [ 0.00526576]
 [ 0.00374977]
 [ 0.00646393]
 [ 0.01374707]]",0.014251238721385454,"[[ 1.        ]
 [ 1.        ]
 [ 0.96155522]
 [ 0.31658864]
 [ 0.28977632]
 [ 0.10897706]
 [-0.21757155]
 [-0.2297523 ]
 [-0.30977121]
 [-0.44257384]
 [-0.79338401]
 [-0.42438407]
 [-0.30013247]
 [-0.28584057]
 [-0.28709864]
 [ 0.13092297]
 [ 0.36949513]
 [ 0.26311898]
 [ 0.45356952]
 [ 0.96462309]]",60,0.7028353345799386,0.3262488920673897,0.9785054548920499,0.9688971384256266,0.8420464062056594
